id,code_name,qua_cntu,qua_cl,qua_ph,label
1,雙溪淨水場,0.02,0.6,7.4,1
2,衛理女中,0.15,0.35,7.3,1
3,雙溪國小,0.07,0.32,7.3,1
4,華興加壓站,0.11,0.32,7.1,1
5,長興淨水場,0.02,0.47,7,1
6,市政大樓,0.04,0.49,7.4,1
7,市議會,0.07,0.44,7.2,1
8,捷運忠孝復興站,0.05,0.45,6.9,1
9,南港高工,0.06,0.4,6.9,1
10,南港加壓站,0.1,0.45,6.9,1
11,挹翠加壓站,0.07,0.41,7.2,1
12,敦化國中,0.02,0.48,7.1,1
13,公館淨水場,0.06,0.55,6.9,1
14,捷運台北車站,0.08,0.45,7.1,1
15,捷運中正紀念堂站,0.07,0.44,7,1
16,萬華國中,0.03,0.45,7,1
17,華江社區配水池,0.07,0.29,7,1
18,西門國小,0.04,0.56,6.9,1
19,忠孝國小,0.03,0.47,7.1,1
20,螢橋國小,0.08,0.45,7,1
21,直潭淨水場,0.03,0.5,7.2,1
22,伸仗板配水池,0.05,0.58,7.3,1
23,中和加壓站,0.07,0.56,6.9,1
24,安康加壓站,0.04,0.52,7.2,1
25,頂溪站,0.16,0.5,7,1
26,中和國小,0.09,0.55,6.9,1
27,積穗國小,-9,-9,-9,1
28,捷運大坪林站,0.04,0.49,6.8,1
29,十二張加壓站,0.06,0.5,6.9,1
30,景美女中,0.12,0.5,7,1
31,木柵動物園,0.07,0.5,7.2,1
32,公館加壓站,0.06,0.53,7.1,1
33,萬芳二號配水池,0.05,0.5,6.8,1
34,指南二加壓站,0.05,0.46,7.1,1
35,木柵二期配水池,0.18,0.44,7,1
36,三重加壓站,0.06,0.51,7,1
37,新北高中,0.08,0.49,6.9,1
38,指南六加壓站,0.11,0.28,8,1
39,大同加壓站,0.07,0.46,7.1,1
40,麗山國中,0.07,0.47,7.1,1
41,重慶國中,0.04,0.39,7,1
42,台北海洋技術學院,0.07,0.47,7.9,1
43,介壽國中,0.13,0.57,7,1
44,士林國中,0.07,0.47,7,1
45,陽明高中,0.04,0.46,7.4,1
46,捷運石牌站,0.04,0.43,7,1
47,天母加壓站,0.04,0.56,7,1
48,關渡國小,0.03,0.43,7.3,1
49,捷運淡水站,-9,-9,-9,1
50,北投第4配水池,0.04,0.5,7.2,1
51,北投加壓站,0.06,0.45,7,1
52,松山加壓站,0.04,0.52,7,1
53,內溝里加壓站,0.05,0.53,6.9,1
54,潭美國小,-9,-9,-9,1
55,東湖國中,0.1,0.31,6.9,1
56,民生加壓站,0.04,0.53,6.8,1
57,興隆公營住宅1區,0.04,0.41,7.6,1
58,陽明淨水場,0.06,0.54,7.1,1
59,隧道,0,0.61,6.6,1
60,中正路配水池,0.04,0.49,6.8,1
61,中山樓,0.13,0.44,7.2,1
62,鹿角坑(三加),0.04,0.58,7.3,1
63,泉源國小,-9,-9,-9,1
64,三角埔加壓站,0.04,0.48,6.8,1
1,雙溪淨水場,0.02,0.6,7.4,1
2,衛理女中,0.15,0.35,7.4,1
3,雙溪國小,0.07,0.32,7.3,1
4,華興加壓站,0.1,0.32,7.1,1
5,長興淨水場,0.02,0.47,7,1
6,市政大樓,0.04,0.49,7.4,1
7,市議會,0.07,0.44,7.1,1
8,捷運忠孝復興站,0.05,0.45,6.9,1
9,南港高工,0.05,0.4,6.9,1
10,南港加壓站,0.09,0.45,6.9,1
11,挹翠加壓站,0.06,0.44,7.2,1
12,敦化國中,0.03,0.48,7.1,1
13,公館淨水場,0.06,0.56,6.9,1
14,捷運台北車站,0.08,0.45,7.1,1
15,捷運中正紀念堂站,0.05,0.43,7,1
16,萬華國中,0.03,0.45,7,1
17,華江社區配水池,0.07,0.29,7,1
18,西門國小,0.04,0.56,6.9,1
19,忠孝國小,0.04,0.47,7.1,1
20,螢橋國小,0.09,0.44,7,1
21,直潭淨水場,0.04,0.48,7.2,1
22,伸仗板配水池,0.05,0.58,7.3,1
23,中和加壓站,0.07,0.55,6.9,1
24,安康加壓站,0.04,0.52,7.2,1
25,頂溪站,0.14,0.5,7,1
26,中和國小,0.1,0.55,6.9,1
27,積穗國小,-9,-9,-9,1
28,捷運大坪林站,0.04,0.48,6.8,1
29,十二張加壓站,0.06,0.49,6.9,1
30,景美女中,0.1,0.5,7,1
31,木柵動物園,0.09,0.5,7.2,1
32,公館加壓站,0.06,0.53,7.1,1
33,萬芳二號配水池,0.05,0.5,6.8,1
34,指南二加壓站,0.05,0.46,7.1,1
35,木柵二期配水池,0.18,0.44,7,1
36,三重加壓站,0.06,0.51,7,1
37,新北高中,0.07,0.48,6.9,1
38,指南六加壓站,0.11,0.28,8,1
39,大同加壓站,0.07,0.46,7.1,1
40,麗山國中,0.08,0.46,7.1,1
41,重慶國中,0.04,0.4,7,1
42,台北海洋技術學院,0.07,0.47,7.9,1
43,介壽國中,0.13,0.57,7,1
44,士林國中,0.07,0.48,7,1
45,陽明高中,0.04,0.46,7.4,1
46,捷運石牌站,0.04,0.43,7,1
47,天母加壓站,0.04,0.56,7,1
48,關渡國小,0.03,0.43,7.3,1
49,捷運淡水站,-9,-9,-9,1
50,北投第4配水池,0.04,0.5,7.2,1
51,北投加壓站,0.05,0.45,7,1
52,松山加壓站,0.04,0.52,7,1
53,內溝里加壓站,0.05,0.53,6.9,1
54,潭美國小,-9,-9,-9,1
55,東湖國中,0.1,0.31,6.9,1
56,民生加壓站,0.04,0.53,6.8,1
57,興隆公營住宅1區,0.05,0.41,7.6,1
58,陽明淨水場,0.06,0.53,7.1,1
59,隧道,0.01,0.6,6.6,1
60,中正路配水池,0.04,0.49,6.8,1
61,中山樓,0.13,0.44,7.2,1
62,鹿角坑(三加),0.04,0.58,7.3,1
63,泉源國小,-9,-9,-9,1
64,三角埔加壓站,0.04,0.48,6.8,1
1,雙溪淨水場,0.02,0.61,7.4,1
2,衛理女中,0.14,0.35,7.3,1
3,雙溪國小,0.07,0.31,7.3,1
4,華興加壓站,0.11,0.32,7.1,1
5,長興淨水場,0.02,0.47,7,1
6,市政大樓,0.04,0.51,7.4,1
7,市議會,0.07,0.43,7.1,1
8,捷運忠孝復興站,0.06,0.45,6.9,1
9,南港高工,0.06,0.4,6.9,1
10,南港加壓站,0.09,0.45,6.9,1
11,挹翠加壓站,0.04,0.49,7.1,1
12,敦化國中,0.03,0.48,7.1,1
13,公館淨水場,0.06,0.57,6.9,1
14,捷運台北車站,0.08,0.44,7.1,1
15,捷運中正紀念堂站,0.05,0.43,7,1
16,萬華國中,0.03,0.44,7,1
17,華江社區配水池,0.08,0.29,7,1
18,西門國小,0.04,0.56,6.9,1
19,忠孝國小,0.03,0.47,7.1,1
20,螢橋國小,0.08,0.44,7,1
21,直潭淨水場,0.04,0.48,7.1,1
22,伸仗板配水池,0.05,0.58,7.3,1
23,中和加壓站,0.07,0.55,6.9,1
24,安康加壓站,0.04,0.52,7.2,1
25,頂溪站,0.12,0.5,7,1
26,中和國小,0.09,0.54,6.9,1
27,積穗國小,-9,-9,-9,1
28,捷運大坪林站,0.04,0.46,6.8,1
29,十二張加壓站,0.06,0.49,6.9,1
30,景美女中,0.11,0.5,7,1
31,木柵動物園,0.1,0.5,7.2,1
32,公館加壓站,0.06,0.53,7.1,1
33,萬芳二號配水池,0.05,0.5,6.8,1
34,指南二加壓站,0.06,0.47,7.1,1
35,木柵二期配水池,0.19,0.44,7,1
36,三重加壓站,0.06,0.51,7,1
37,新北高中,0.05,0.47,6.9,1
38,指南六加壓站,0.11,0.27,8,1
39,大同加壓站,0.07,0.46,7.1,1
40,麗山國中,0.09,0.45,7.1,1
41,重慶國中,0.05,0.4,7,1
42,台北海洋技術學院,0.07,0.48,7.9,1
43,介壽國中,0.13,0.57,7,1
44,士林國中,0.07,0.48,7,1
45,陽明高中,0.04,0.46,7.4,1
46,捷運石牌站,0.05,0.42,7,1
47,天母加壓站,0.04,0.56,6.9,1
48,關渡國小,0.03,0.44,7.3,1
49,捷運淡水站,0.04,0.49,7.2,1
50,北投第4配水池,0.04,0.5,7.2,1
51,北投加壓站,0.05,0.44,7,1
52,松山加壓站,0.05,0.52,7,1
53,內溝里加壓站,0.05,0.52,6.9,1
54,潭美國小,-9,-9,-9,1
55,東湖國中,0.1,0.31,6.9,1
56,民生加壓站,0.04,0.53,6.8,1
57,興隆公營住宅1區,0.03,0.41,7.6,1
58,陽明淨水場,0.06,0.53,7.1,1
59,隧道,0.01,0.6,6.6,1
60,中正路配水池,0.04,0.49,6.8,1
61,中山樓,0.13,0.44,7.2,1
62,鹿角坑(三加),0.03,0.59,7.3,1
63,泉源國小,-9,-9,-9,1
64,三角埔加壓站,0.03,0.48,6.8,1
1,雙溪淨水場,0.02,0.61,7.4,1
2,衛理女中,0.15,0.35,7.4,1
3,雙溪國小,0.07,0.3,7.3,1
4,華興加壓站,0.1,0.32,7.1,1
5,長興淨水場,0.02,0.48,7,1
6,市政大樓,0.04,0.52,7.4,1
7,市議會,0.07,0.43,7.2,1
8,捷運忠孝復興站,0.06,0.45,6.9,1
9,南港高工,0.09,0.39,6.8,1
10,南港加壓站,0.09,0.45,6.9,1
11,挹翠加壓站,0.06,0.5,7.2,1
12,敦化國中,0.02,0.48,7.1,1
13,公館淨水場,0.06,0.58,6.9,1
14,捷運台北車站,0.08,0.44,7.1,1
15,捷運中正紀念堂站,0.13,0.43,7,1
16,萬華國中,0.03,0.44,7,1
17,華江社區配水池,0.07,0.29,7,1
18,西門國小,0.04,0.56,6.9,1
19,忠孝國小,0.04,0.46,7.1,1
20,螢橋國小,0.08,0.43,7,1
21,直潭淨水場,0.03,0.48,7.2,1
22,伸仗板配水池,0.05,0.58,7.3,1
23,中和加壓站,0.07,0.55,6.9,1
24,安康加壓站,0.04,0.51,7.2,1
25,頂溪站,0.11,0.5,7,1
26,中和國小,0.08,0.54,6.9,1
27,積穗國小,-9,-9,-9,1
28,捷運大坪林站,0.04,0.45,6.8,1
29,十二張加壓站,0.06,0.49,6.9,1
30,景美女中,0.1,0.5,7,1
31,木柵動物園,0.1,0.49,7.2,1
32,公館加壓站,0.06,0.53,7.1,1
33,萬芳二號配水池,0.05,0.5,6.8,1
34,指南二加壓站,0.06,0.47,7.1,1
35,木柵二期配水池,0.21,0.44,7,1
36,三重加壓站,0.06,0.51,7,1
37,新北高中,0.05,0.47,6.9,1
38,指南六加壓站,0.11,0.27,8,1
39,大同加壓站,0.07,0.46,7.1,1
40,麗山國中,0.08,0.46,7.1,1
41,重慶國中,0.05,0.41,7,1
42,台北海洋技術學院,0.07,0.49,7.9,1
43,介壽國中,0.13,0.57,7,1
44,士林國中,0.07,0.48,7,1
45,陽明高中,0.04,0.46,7.4,1
46,捷運石牌站,0.05,0.42,7,1
47,天母加壓站,0.04,0.55,7,1
48,關渡國小,0.03,0.44,7.2,1
49,捷運淡水站,0.04,0.48,7.2,1
50,北投第4配水池,0.04,0.5,7.2,1
51,北投加壓站,0.07,0.45,7,1
52,松山加壓站,0.04,0.51,7,1
53,內溝里加壓站,0.05,0.51,6.9,1
54,潭美國小,-9,-9,-9,1
55,東湖國中,0.1,0.31,6.9,1
56,民生加壓站,0.04,0.53,6.8,1
57,興隆公營住宅1區,0.04,0.41,7.6,1
58,陽明淨水場,0.06,0.52,7.1,1
59,隧道,0.01,0.6,6.6,1
60,中正路配水池,0.04,0.5,6.8,1
61,中山樓,0.13,0.43,7.2,1
62,鹿角坑(三加),0.03,0.58,7.3,1
63,泉源國小,-9,-9,-9,1
64,三角埔加壓站,0.03,0.48,6.8,1
1,雙溪淨水場,0.02,0.61,7.4,1
2,衛理女中,0.15,0.35,7.3,1
3,雙溪國小,0.07,0.29,7.3,1
4,華興加壓站,0.1,0.32,7.1,1
5,長興淨水場,0.01,0.48,7,1
6,市政大樓,0.04,0.52,7.4,1
7,市議會,0.07,0.43,7.2,1
8,捷運忠孝復興站,0.05,0.44,6.9,1
9,南港高工,0.1,0.39,6.9,1
10,南港加壓站,0.09,0.45,6.9,1
11,挹翠加壓站,0.05,0.5,7.1,1
12,敦化國中,0.02,0.49,7.1,1
13,公館淨水場,0.06,0.59,6.9,1
14,捷運台北車站,0.08,0.44,7.1,1
15,捷運中正紀念堂站,0.08,0.43,7,1
16,萬華國中,0.03,0.43,7,1
17,華江社區配水池,0.07,0.29,7,1
18,西門國小,0.04,0.56,6.9,1
19,忠孝國小,0.04,0.46,7.1,1
20,螢橋國小,0.08,0.43,7,1
21,直潭淨水場,0.03,0.51,7.2,1
22,伸仗板配水池,0.05,0.58,7.3,1
23,中和加壓站,0.06,0.55,6.9,1
24,安康加壓站,0.04,0.5,7.2,1
25,頂溪站,0.11,0.5,7,1
26,中和國小,0.1,0.54,6.9,1
27,積穗國小,-9,-9,-9,1
28,捷運大坪林站,0.04,0.45,6.8,1
29,十二張加壓站,0.06,0.49,6.9,1
30,景美女中,0.1,0.5,7,1
31,木柵動物園,0.09,0.49,7.2,1
32,公館加壓站,0.06,0.52,7.1,1
33,萬芳二號配水池,0.05,0.5,6.8,1
34,指南二加壓站,0.06,0.47,7.1,1
35,木柵二期配水池,0.21,0.44,7,1
36,三重加壓站,0.06,0.51,7,1
37,新北高中,0.06,0.47,6.9,1
38,指南六加壓站,0.11,0.27,8,1
39,大同加壓站,0.07,0.46,7.1,1
40,麗山國中,0.08,0.45,7.1,1
41,重慶國中,0.04,0.41,7,1
42,台北海洋技術學院,0.07,0.48,7.9,1
43,介壽國中,0.13,0.57,7,1
44,士林國中,0.07,0.48,7,1
45,陽明高中,0.04,0.46,7.4,1
46,捷運石牌站,0.05,0.42,7,1
47,天母加壓站,0.04,0.54,7,1
48,關渡國小,0.03,0.45,7.2,1
49,捷運淡水站,0.04,0.48,7.2,1
50,北投第4配水池,0.04,0.5,7.2,1
51,北投加壓站,0.08,0.45,7,1
52,松山加壓站,0.05,0.51,7,1
53,內溝里加壓站,0.06,0.52,6.9,1
54,潭美國小,-9,-9,-9,1
55,東湖國中,0.1,0.31,6.9,1
56,民生加壓站,0.04,0.53,6.8,1
57,興隆公營住宅1區,0.04,0.41,7.6,1
58,陽明淨水場,0.06,0.53,7.1,1
59,隧道,0.01,0.61,6.6,1
60,中正路配水池,0.04,0.49,6.8,1
61,中山樓,0.13,0.43,7.2,1
62,鹿角坑(三加),0.03,0.59,7.3,1
63,泉源國小,-9,-9,-9,1
64,三角埔加壓站,0.04,0.48,6.8,1
1,雙溪淨水場,0.02,0.61,7.4,1
2,衛理女中,0.15,0.34,7.4,1
3,雙溪國小,0.07,0.28,7.3,1
4,華興加壓站,0.11,0.32,7.1,1
5,長興淨水場,0.02,0.47,7,1
6,市政大樓,0.04,0.52,7.4,1
7,市議會,0.06,0.42,7.2,1
8,捷運忠孝復興站,0.06,0.44,6.9,1
9,南港高工,0.06,0.4,6.9,1
10,南港加壓站,0.09,0.45,6.9,1
11,挹翠加壓站,0.04,0.5,7.1,1
12,敦化國中,0.02,0.49,7.1,1
13,公館淨水場,0.06,0.6,6.9,1
14,捷運台北車站,0.08,0.44,7.1,1
15,捷運中正紀念堂站,0.05,0.42,7,1
16,萬華國中,0.03,0.42,7,1
17,華江社區配水池,0.07,0.28,7,1
18,西門國小,0.04,0.56,6.9,1
19,忠孝國小,0.04,0.46,7.1,1
20,螢橋國小,0.08,0.44,7,1
21,直潭淨水場,0.04,0.52,7.2,1
22,伸仗板配水池,0.05,0.58,7.3,1
23,中和加壓站,0.06,0.54,6.9,1
24,安康加壓站,0.04,0.5,7.2,1
25,頂溪站,0.11,0.5,7,1
26,中和國小,0.09,0.54,6.9,1
27,積穗國小,-9,-9,-9,1
28,捷運大坪林站,0.04,0.44,6.8,1
29,十二張加壓站,0.06,0.49,6.9,1
30,景美女中,0.09,0.49,7,1
31,木柵動物園,0.1,0.48,7.2,1
32,公館加壓站,0.06,0.52,7.1,1
33,萬芳二號配水池,0.05,0.49,6.8,1
34,指南二加壓站,0.05,0.47,7.1,1
35,木柵二期配水池,0.2,0.44,7,1
36,三重加壓站,0.06,0.51,7,1
37,新北高中,0.06,0.47,6.9,1
38,指南六加壓站,0.11,0.27,8,1
39,大同加壓站,0.07,0.46,7.1,1
40,麗山國中,0.08,0.44,7.1,1
41,重慶國中,0.05,0.41,7,1
42,台北海洋技術學院,0.07,0.49,7.9,1
43,介壽國中,0.13,0.56,7,1
44,士林國中,0.07,0.48,7,1
45,陽明高中,0.04,0.46,7.4,1
46,捷運石牌站,0.05,0.41,7,1
47,天母加壓站,0.05,0.53,7,1
48,關渡國小,0.03,0.45,7.3,1
49,捷運淡水站,0.04,0.49,7.2,1
50,北投第4配水池,0.04,0.5,7.2,1
51,北投加壓站,0.06,0.45,7,1
52,松山加壓站,0.06,0.51,7,1
53,內溝里加壓站,0.05,0.53,6.9,1
54,潭美國小,-9,-9,-9,1
55,東湖國中,0.1,0.32,6.9,1
56,民生加壓站,0.04,0.53,6.8,1
57,興隆公營住宅1區,0.04,0.41,7.6,1
58,陽明淨水場,0.06,0.54,7.1,1
59,隧道,0.01,0.6,6.6,1
60,中正路配水池,0.04,0.5,6.8,1
61,中山樓,0.13,0.44,7.2,1
62,鹿角坑(三加),0.03,0.59,7.3,1
63,泉源國小,-9,-9,-9,1
64,三角埔加壓站,0.03,0.48,6.8,1
1,雙溪淨水場,0.02,0.61,7.4,1
2,衛理女中,0.14,0.34,7.3,1
3,雙溪國小,0.07,0.27,7.3,1
4,華興加壓站,0.1,0.32,7.1,1
5,長興淨水場,0.02,0.47,7,1
6,市政大樓,0.04,0.51,7.4,1
7,市議會,0.06,0.42,7.2,1
8,捷運忠孝復興站,0.06,0.44,6.9,1
9,南港高工,0.06,0.39,6.9,1
10,南港加壓站,0.08,0.45,6.9,1
11,挹翠加壓站,0.04,0.5,7.1,1
12,敦化國中,0.02,0.49,7.1,1
13,公館淨水場,0.06,0.61,6.9,1
14,捷運台北車站,0.07,0.44,7.1,1
15,捷運中正紀念堂站,0.05,0.42,7,1
16,萬華國中,0.03,0.42,7,1
17,華江社區配水池,0.08,0.28,7,1
18,西門國小,0.05,0.55,6.9,1
19,忠孝國小,0.03,0.45,7.2,1
20,螢橋國小,0.07,0.44,7,1
21,直潭淨水場,0.04,0.52,7.2,1
22,伸仗板配水池,0.05,0.58,7.3,1
23,中和加壓站,0.06,0.53,6.9,1
24,安康加壓站,0.04,0.5,7.2,1
25,頂溪站,0.11,0.5,7,1
26,中和國小,0.09,0.54,6.9,1
27,積穗國小,-9,-9,-9,1
28,捷運大坪林站,0.04,0.45,6.8,1
29,十二張加壓站,0.06,0.49,6.9,1
30,景美女中,0.09,0.49,7,1
31,木柵動物園,0.1,0.48,7.2,1
32,公館加壓站,0.06,0.52,7.1,1
33,萬芳二號配水池,0.05,0.49,6.8,1
34,指南二加壓站,0.06,0.47,7.1,1
35,木柵二期配水池,0.2,0.43,7,1
36,三重加壓站,0.06,0.5,7,1
37,新北高中,0.05,0.46,6.9,1
38,指南六加壓站,0.11,0.27,8,1
39,大同加壓站,0.07,0.46,7.1,1
40,麗山國中,0.08,0.44,7.1,1
41,重慶國中,0.04,0.42,7,1
42,台北海洋技術學院,0.07,0.48,7.9,1
43,介壽國中,0.13,0.56,7,1
44,士林國中,0.07,0.48,7,1
45,陽明高中,0.04,0.46,7.4,1
46,捷運石牌站,0.05,0.41,7,1
47,天母加壓站,0.04,0.52,7,1
48,關渡國小,0.03,0.45,7.3,1
49,捷運淡水站,0.04,0.49,7.2,1
50,北投第4配水池,0.04,0.5,7.2,1
51,北投加壓站,0.05,0.44,7,1
52,松山加壓站,0.04,0.51,7,1
53,內溝里加壓站,0.06,0.54,6.9,1
54,潭美國小,-9,-9,-9,1
55,東湖國中,0.1,0.32,6.9,1
56,民生加壓站,0.04,0.53,6.8,1
57,興隆公營住宅1區,0.04,0.4,7.6,1
58,陽明淨水場,0.06,0.55,7.1,1
59,隧道,0.01,0.61,6.6,1
60,中正路配水池,0.04,0.5,6.7,1
61,中山樓,0.13,0.43,7.2,1
62,鹿角坑(三加),0.03,0.61,7.3,1
63,泉源國小,-9,-9,-9,1
64,三角埔加壓站,0.03,0.48,6.8,1
1,雙溪淨水場,0.02,0.62,7.4,1
2,衛理女中,0.14,0.34,7.4,1
3,雙溪國小,0.07,0.27,7.3,1
4,華興加壓站,0.11,0.32,7.1,1
5,長興淨水場,0.02,0.47,7,1
6,市政大樓,0.04,0.49,7.4,1
7,市議會,0.07,0.42,7.2,1
8,捷運忠孝復興站,0.06,0.43,6.9,1
9,南港高工,0.13,0.38,6.9,1
10,南港加壓站,0.09,0.45,6.9,1
11,挹翠加壓站,0.05,0.48,7.1,1
12,敦化國中,0.03,0.5,7.1,1
13,公館淨水場,0.06,0.62,6.9,1
14,捷運台北車站,0.08,0.44,7.1,1
15,捷運中正紀念堂站,0.05,0.41,7,1
16,萬華國中,0.03,0.41,7,1
17,華江社區配水池,0.07,0.3,7,1
18,西門國小,0.04,0.55,6.9,1
19,忠孝國小,0.03,0.45,7.2,1
20,螢橋國小,0.07,0.44,7,1
21,直潭淨水場,0.04,0.52,7.2,1
22,伸仗板配水池,0.05,0.58,7.3,1
23,中和加壓站,0.06,0.53,6.9,1
24,安康加壓站,0.04,0.5,7.2,1
25,頂溪站,0.1,0.5,7,1
26,中和國小,0.08,0.54,6.9,1
27,積穗國小,-9,-9,-9,1
28,捷運大坪林站,0.05,0.43,6.8,1
29,十二張加壓站,0.08,0.47,6.9,1
30,景美女中,0.09,0.49,7,1
31,木柵動物園,0.12,0.48,7.2,1
32,公館加壓站,0.06,0.52,7.1,1
33,萬芳二號配水池,0.17,0.48,6.8,1
34,指南二加壓站,0.05,0.47,7.1,1
35,木柵二期配水池,0.2,0.44,7,1
36,三重加壓站,0.06,0.5,7,1
37,新北高中,0.06,0.46,6.9,1
38,指南六加壓站,0.11,0.27,8,1
39,大同加壓站,0.07,0.46,7.1,1
40,麗山國中,0.07,0.44,7.1,1
41,重慶國中,0.04,0.42,7,1
42,台北海洋技術學院,0.07,0.48,7.9,1
43,介壽國中,0.13,0.56,7,1
44,士林國中,0.07,0.47,7,1
45,陽明高中,0.05,0.46,7.4,1
46,捷運石牌站,0.05,0.4,7,1
47,天母加壓站,0.05,0.51,7,1
48,關渡國小,0.03,0.45,7.2,1
49,捷運淡水站,0.05,0.5,7.1,1
50,北投第4配水池,0.04,0.5,7.2,1
51,北投加壓站,0.06,0.44,7,1
52,松山加壓站,0.04,0.51,7,1
53,內溝里加壓站,0.05,0.53,6.9,1
54,潭美國小,-9,-9,-9,1
55,東湖國中,0.1,0.32,6.9,1
56,民生加壓站,0.04,0.53,6.8,1
57,興隆公營住宅1區,0.04,0.41,7.6,1
58,陽明淨水場,0.06,0.56,7.1,1
59,隧道,0.01,0.56,6.6,1
60,中正路配水池,0.04,0.5,6.7,1
61,中山樓,0.13,0.43,7.2,1
62,鹿角坑(三加),0.04,0.62,7.3,1
63,泉源國小,-9,-9,-9,1
64,三角埔加壓站,0.04,0.48,6.8,1
1,雙溪淨水場,0.02,0.62,7.4,1
2,衛理女中,0.15,0.34,7.4,1
3,雙溪國小,0.07,0.27,7.3,1
4,華興加壓站,0.11,0.32,7.1,1
5,長興淨水場,0.02,0.46,7,1
6,市政大樓,0.05,0.48,7.4,1
7,市議會,0.07,0.41,7.2,1
8,捷運忠孝復興站,0.06,0.44,6.9,1
9,南港高工,0.17,0.45,6.8,1
10,南港加壓站,0.09,0.46,6.9,1
11,挹翠加壓站,0.05,0.48,7.1,1
12,敦化國中,0.02,0.48,7.1,1
13,公館淨水場,0.06,0.63,6.9,1
14,捷運台北車站,0.08,0.44,7.1,1
15,捷運中正紀念堂站,0.05,0.42,7,1
16,萬華國中,0.03,0.41,7,1
17,華江社區配水池,0.07,0.33,7,1
18,西門國小,0.05,0.55,6.9,1
19,忠孝國小,0.04,0.44,7.2,1
20,螢橋國小,0.07,0.44,7,1
21,直潭淨水場,0.04,0.53,7.1,1
22,伸仗板配水池,0.05,0.58,7.3,1
23,中和加壓站,0.06,0.52,6.9,1
24,安康加壓站,0.04,0.49,7.2,1
25,頂溪站,0.1,0.49,7,1
26,中和國小,0.09,0.53,6.9,1
27,積穗國小,-9,-9,-9,1
28,捷運大坪林站,0.04,0.45,6.8,1
29,十二張加壓站,0.06,0.48,6.9,1
30,景美女中,0.07,0.48,7,1
31,木柵動物園,0.11,0.47,7.2,1
32,公館加壓站,0.05,0.51,7.1,1
33,萬芳二號配水池,0.18,0.47,6.9,1
34,指南二加壓站,0.06,0.48,7.1,1
35,木柵二期配水池,0.19,0.43,7,1
36,三重加壓站,0.06,0.5,7,1
37,新北高中,0.05,0.46,6.9,1
38,指南六加壓站,0.11,0.27,8,1
39,大同加壓站,0.06,0.46,7.1,1
40,麗山國中,0.07,0.44,7.1,1
41,重慶國中,0.04,0.43,7,1
42,台北海洋技術學院,0.07,0.48,7.9,1
43,介壽國中,0.13,0.56,7,1
44,士林國中,0.07,0.48,7,1
45,陽明高中,0.04,0.46,7.4,1
46,捷運石牌站,0.05,0.4,7,1
47,天母加壓站,0.05,0.51,7,1
48,關渡國小,0.03,0.45,7.2,1
49,捷運淡水站,0.04,0.5,7.1,1
50,北投第4配水池,0.04,0.49,7.2,1
51,北投加壓站,0.05,0.44,7,1
52,松山加壓站,0.04,0.5,7,1
53,內溝里加壓站,0.06,0.52,7,1
54,潭美國小,-9,-9,-9,1
55,東湖國中,0.11,0.32,6.9,1
56,民生加壓站,0.04,0.53,6.8,1
57,興隆公營住宅1區,0.04,0.4,7.6,1
58,陽明淨水場,0.06,0.57,7.1,1
59,隧道,0.01,0.54,6.6,1
60,中正路配水池,0.05,0.5,6.7,1
61,中山樓,0.13,0.44,7.2,1
62,鹿角坑(三加),0.04,0.62,7.3,1
63,泉源國小,-9,-9,-9,1
64,三角埔加壓站,0.03,0.48,6.8,1
1,雙溪淨水場,0.02,0.62,7.4,1
2,衛理女中,0.15,0.34,7.3,1
3,雙溪國小,0.07,0.26,7.3,1
4,華興加壓站,0.1,0.31,7.1,1
5,長興淨水場,0.01,0.47,7,1
6,市政大樓,0.04,0.47,7.4,1
7,市議會,0.07,0.41,7.2,1
8,捷運忠孝復興站,0.05,0.43,6.9,1
9,南港高工,0.07,0.48,6.6,1
10,南港加壓站,0.09,0.45,6.9,1
11,挹翠加壓站,0.06,0.47,7.1,1
12,敦化國中,0.03,0.47,7.1,1
13,公館淨水場,0.06,0.63,6.9,1
14,捷運台北車站,0.07,0.44,7.1,1
15,捷運中正紀念堂站,0.05,0.43,7,1
16,萬華國中,0.03,0.41,7,1
17,華江社區配水池,0.08,0.34,7,1
18,西門國小,0.04,0.55,6.9,1
19,忠孝國小,0.03,0.44,7.2,1
20,螢橋國小,0.07,0.45,7,1
21,直潭淨水場,0.03,0.53,7.2,1
22,伸仗板配水池,0.05,0.59,7.3,1
23,中和加壓站,0.06,0.51,6.9,1
24,安康加壓站,0.04,0.5,7.2,1
25,頂溪站,0.1,0.49,7,1
26,中和國小,0.1,0.52,6.9,1
27,積穗國小,-9,-9,-9,1
28,捷運大坪林站,0.04,0.43,6.8,1
29,十二張加壓站,0.06,0.47,6.9,1
30,景美女中,0.07,0.48,7,1
31,木柵動物園,0.12,0.47,7.2,1
32,公館加壓站,0.06,0.51,7.1,1
33,萬芳二號配水池,0.06,0.47,6.9,1
34,指南二加壓站,0.06,0.48,7.1,1
35,木柵二期配水池,0.2,0.43,7,1
36,三重加壓站,0.05,0.5,7,1
37,新北高中,0.06,0.46,6.9,1
38,指南六加壓站,0.11,0.27,8,1
39,大同加壓站,0.06,0.46,7.1,1
40,麗山國中,0.08,0.43,7.1,1
41,重慶國中,0.04,0.44,7,1
42,台北海洋技術學院,0.07,0.48,7.9,1
43,介壽國中,0.13,0.56,7,1
44,士林國中,0.07,0.49,7,1
45,陽明高中,0.04,0.46,7.4,1
46,捷運石牌站,0.12,0.42,6.9,1
47,天母加壓站,0.04,0.51,7,1
48,關渡國小,0.03,0.45,7.2,1
49,捷運淡水站,0.04,0.49,7.1,1
50,北投第4配水池,0.04,0.49,7.2,1
51,北投加壓站,0.05,0.47,7,1
52,松山加壓站,0.04,0.5,7,1
53,內溝里加壓站,0.05,0.51,6.9,1
54,潭美國小,-9,-9,-9,1
55,東湖國中,0.1,0.33,6.9,1
56,民生加壓站,0.04,0.53,6.8,1
57,興隆公營住宅1區,0.04,0.4,7.6,1
58,陽明淨水場,0.06,0.57,7.1,1
59,隧道,0.01,0.55,6.6,1
60,中正路配水池,0.05,0.5,6.7,1
61,中山樓,0.13,0.44,7.2,1
62,鹿角坑(三加),0.04,0.63,7.3,1
63,泉源國小,-9,-9,-9,1
64,三角埔加壓站,0.03,0.48,6.8,1
1,雙溪淨水場,0.02,0.62,7.4,1
2,衛理女中,0.15,0.34,7.4,1
3,雙溪國小,0.07,0.26,7.3,1
4,華興加壓站,0.1,0.31,7.1,1
5,長興淨水場,0.01,0.48,7,1
6,市政大樓,0.04,0.46,7.4,1
7,市議會,0.06,0.41,7.2,1
8,捷運忠孝復興站,0.06,0.43,6.9,1
9,南港高工,0.07,0.46,6.9,1
10,南港加壓站,0.09,0.45,6.9,1
11,挹翠加壓站,0.06,0.46,7.1,1
12,敦化國中,0.03,0.47,7.1,1
13,公館淨水場,0.06,0.63,6.9,1
14,捷運台北車站,0.08,0.43,7.1,1
15,捷運中正紀念堂站,0.05,0.43,7,1
16,萬華國中,0.03,0.4,7,1
17,華江社區配水池,0.08,0.34,7,1
18,西門國小,0.04,0.53,6.9,1
19,忠孝國小,0.04,0.44,7.2,1
20,螢橋國小,0.07,0.45,7,1
21,直潭淨水場,0.03,0.54,7.2,1
22,伸仗板配水池,0.05,0.58,7.3,1
23,中和加壓站,0.06,0.51,6.9,1
24,安康加壓站,0.04,0.5,7.2,1
25,頂溪站,0.1,0.49,7,1
26,中和國小,0.08,0.51,6.9,1
27,積穗國小,-9,-9,-9,1
28,捷運大坪林站,0.05,0.43,6.8,1
29,十二張加壓站,0.06,0.47,6.9,1
30,景美女中,0.07,0.48,7,1
31,木柵動物園,0.13,0.47,7.2,1
32,公館加壓站,0.05,0.5,7.1,1
33,萬芳二號配水池,0.05,0.47,6.9,1
34,指南二加壓站,0.06,0.48,7.1,1
35,木柵二期配水池,0.19,0.43,7,1
36,三重加壓站,0.05,0.5,7,1
37,新北高中,0.06,0.46,6.9,1
38,指南六加壓站,0.11,0.27,8,1
39,大同加壓站,0.06,0.46,7.1,1
40,麗山國中,0.07,0.43,7.1,1
41,重慶國中,0.04,0.44,7,1
42,台北海洋技術學院,0.06,0.48,8,1
43,介壽國中,0.13,0.56,7,1
44,士林國中,0.07,0.48,7,1
45,陽明高中,0.04,0.46,7.4,1
46,捷運石牌站,0.08,0.44,7,1
47,天母加壓站,0.05,0.5,7,1
48,關渡國小,0.03,0.45,7.2,1
49,捷運淡水站,0.04,0.49,7.1,1
50,北投第4配水池,0.04,0.49,7.2,1
51,北投加壓站,0.05,0.46,7,1
52,松山加壓站,0.04,0.5,7,1
53,內溝里加壓站,0.06,0.49,6.9,1
54,潭美國小,-9,-9,-9,1
55,東湖國中,0.1,0.33,6.9,1
56,民生加壓站,0.04,0.52,6.8,1
57,興隆公營住宅1區,0.03,0.4,7.6,1
58,陽明淨水場,0.06,0.57,7.1,1
59,隧道,0.01,0.61,6.6,1
60,中正路配水池,0.04,0.51,6.7,1
61,中山樓,0.13,0.44,7.2,1
62,鹿角坑(三加),0.04,0.62,7.3,1
63,泉源國小,-9,-9,-9,1
64,三角埔加壓站,0.03,0.48,6.8,1
1,雙溪淨水場,0.02,0.62,7.4,1
2,衛理女中,0.15,0.34,7.4,1
3,雙溪國小,0.07,0.26,7.3,1
4,華興加壓站,0.1,0.32,7.1,1
5,長興淨水場,0.02,0.47,7,1
6,市政大樓,0.04,0.47,7.4,1
7,市議會,0.08,0.41,7.2,1
8,捷運忠孝復興站,0.05,0.43,6.9,1
9,南港高工,0.06,0.46,6.9,1
10,南港加壓站,0.08,0.45,6.9,1
11,挹翠加壓站,0.07,0.44,7.1,1
12,敦化國中,0.02,0.47,7,1
13,公館淨水場,0.06,0.63,6.9,1
14,捷運台北車站,0.08,0.42,7.1,1
15,捷運中正紀念堂站,0.05,0.42,7,1
16,萬華國中,0.03,0.4,7,1
17,華江社區配水池,0.08,0.33,7,1
18,西門國小,0.04,0.54,6.9,1
19,忠孝國小,0.03,0.44,7.2,1
20,螢橋國小,0.07,0.46,7,1
21,直潭淨水場,0.03,0.54,7.2,1
22,伸仗板配水池,0.05,0.58,7.3,1
23,中和加壓站,0.06,0.52,6.9,1
24,安康加壓站,0.04,0.51,7.2,1
25,頂溪站,0.1,0.49,7,1
26,中和國小,0.11,0.51,6.9,1
27,積穗國小,-9,-9,-9,1
28,捷運大坪林站,0.04,0.43,6.8,1
29,十二張加壓站,0.06,0.47,6.9,1
30,景美女中,0.07,0.47,7,1
31,木柵動物園,0.12,0.47,7.2,1
32,公館加壓站,0.06,0.5,7.1,1
33,萬芳二號配水池,0.05,0.47,6.9,1
34,指南二加壓站,0.06,0.47,7.1,1
35,木柵二期配水池,0.2,0.43,7,1
36,三重加壓站,0.05,0.5,7,1
37,新北高中,0.06,0.46,6.9,1
38,指南六加壓站,0.11,0.27,8,1
39,大同加壓站,0.06,0.45,7.1,1
40,麗山國中,0.07,0.43,7.1,1
41,重慶國中,0.05,0.44,7,1
42,台北海洋技術學院,0.06,0.48,7.9,1
43,介壽國中,0.13,0.56,7,1
44,士林國中,0.07,0.48,7,1
45,陽明高中,0.05,0.46,7.4,1
46,捷運石牌站,0.08,0.44,7,1
47,天母加壓站,0.05,0.5,7,1
48,關渡國小,0.03,0.45,7.2,1
49,捷運淡水站,0.04,0.48,7.1,1
50,北投第4配水池,0.04,0.49,7.2,1
51,北投加壓站,0.05,0.46,7,1
52,松山加壓站,0.05,0.5,7,1
53,內溝里加壓站,0.06,0.48,7,1
54,潭美國小,-9,-9,-9,1
55,東湖國中,0.1,0.33,6.9,1
56,民生加壓站,0.04,0.52,6.8,1
57,興隆公營住宅1區,0.04,0.4,7.6,1
58,陽明淨水場,0.06,0.57,7.1,1
59,隧道,0.01,0.6,6.6,1
60,中正路配水池,0.04,0.51,6.7,1
61,中山樓,0.13,0.44,7.2,1
62,鹿角坑(三加),0.04,0.62,7.3,1
63,泉源國小,-9,-9,-9,1
64,三角埔加壓站,0.04,0.48,6.8,1
1,雙溪淨水場,0.02,0.62,7.4,1
2,衛理女中,0.15,0.35,7.4,1
3,雙溪國小,0.07,0.25,7.3,1
4,華興加壓站,0.11,0.31,7.1,1
5,長興淨水場,0.02,0.46,7,1
6,市政大樓,0.04,0.47,7.4,1
7,市議會,0.07,0.41,7.2,1
8,捷運忠孝復興站,0.06,0.43,6.9,1
9,南港高工,0.06,0.46,7,1
10,南港加壓站,0.08,0.45,6.9,1
11,挹翠加壓站,0.07,0.43,7.1,1
12,敦化國中,0.03,0.47,7,1
13,公館淨水場,0.06,0.62,6.9,1
14,捷運台北車站,0.08,0.42,7.1,1
15,捷運中正紀念堂站,0.05,0.41,7,1
16,萬華國中,0.03,0.39,7,1
17,華江社區配水池,0.08,0.33,7,1
18,西門國小,0.04,0.54,6.9,1
19,忠孝國小,0.04,0.44,7.2,1
20,螢橋國小,0.07,0.47,7,1
21,直潭淨水場,0.04,0.53,7.2,1
22,伸仗板配水池,0.05,0.58,7.3,1
23,中和加壓站,0.06,0.53,6.9,1
24,安康加壓站,0.04,0.51,7.2,1
25,頂溪站,0.1,0.49,7,1
26,中和國小,0.09,0.5,7,1
27,積穗國小,-9,-9,-9,1
28,捷運大坪林站,0.04,0.43,6.8,1
29,十二張加壓站,0.06,0.46,6.9,1
30,景美女中,0.07,0.47,7,1
31,木柵動物園,0.12,0.47,7.2,1
32,公館加壓站,0.06,0.5,7.1,1
33,萬芳二號配水池,0.05,0.47,6.9,1
34,指南二加壓站,0.06,0.47,7.1,1
35,木柵二期配水池,0.19,0.43,7,1
36,三重加壓站,0.05,0.49,7,1
37,新北高中,0.06,0.46,6.9,1
38,指南六加壓站,0.11,0.27,8,1
39,大同加壓站,0.06,0.45,7.1,1
40,麗山國中,0.08,0.43,7.1,1
41,重慶國中,0.05,0.44,7,1
42,台北海洋技術學院,0.06,0.47,8,1
43,介壽國中,0.13,0.55,7,1
44,士林國中,0.07,0.48,7,1
45,陽明高中,0.04,0.46,7.4,1
46,捷運石牌站,0.08,0.43,7,1
47,天母加壓站,0.05,0.5,6.9,1
48,關渡國小,0.03,0.45,7.3,1
49,捷運淡水站,0.04,0.48,7.1,1
50,北投第4配水池,0.04,0.49,7.2,1
51,北投加壓站,0.05,0.46,7,1
52,松山加壓站,0.04,0.5,7,1
53,內溝里加壓站,0.07,0.47,7,1
54,潭美國小,-9,-9,-9,1
55,東湖國中,0.1,0.34,6.9,1
56,民生加壓站,0.04,0.51,6.8,1
57,興隆公營住宅1區,0.04,0.4,7.6,1
58,陽明淨水場,0.06,0.58,7.1,1
59,隧道,0.01,0.6,6.6,1
60,中正路配水池,0.04,0.5,6.7,1
61,中山樓,0.13,0.44,7.2,1
62,鹿角坑(三加),0.03,0.63,7.3,1
63,泉源國小,-9,-9,-9,1
64,三角埔加壓站,0.03,0.48,6.8,1
1,雙溪淨水場,0.02,0.62,7.4,1
2,衛理女中,0.15,0.35,7.4,1
3,雙溪國小,0.08,0.25,7.3,1
4,華興加壓站,0.1,0.32,7.1,1
5,長興淨水場,0.03,0.46,7,1
6,市政大樓,0.04,0.47,7.4,1
7,市議會,0.06,0.41,7.2,1
8,捷運忠孝復興站,0.06,0.43,6.9,1
9,南港高工,0.06,0.46,6.9,1
10,南港加壓站,0.09,0.45,6.9,1
11,挹翠加壓站,0.08,0.43,7.1,1
12,敦化國中,0.03,0.48,7,1
13,公館淨水場,0.06,0.62,6.9,1
14,捷運台北車站,0.08,0.42,7.1,1
15,捷運中正紀念堂站,0.05,0.41,7,1
16,萬華國中,0.03,0.39,7,1
17,華江社區配水池,0.07,0.33,7,1
18,西門國小,0.04,0.54,6.9,1
19,忠孝國小,0.04,0.44,7.2,1
20,螢橋國小,0.07,0.47,7,1
21,直潭淨水場,0.04,0.53,7.2,1
22,伸仗板配水池,0.05,0.58,7.3,1
23,中和加壓站,0.07,0.55,6.9,1
24,安康加壓站,0.04,0.5,7.2,1
25,頂溪站,0.11,0.48,7,1
26,中和國小,0.08,0.5,7,1
27,積穗國小,-9,-9,-9,1
28,捷運大坪林站,0.04,0.42,6.8,1
29,十二張加壓站,0.06,0.46,6.9,1
30,景美女中,0.07,0.47,7,1
31,木柵動物園,0.13,0.46,7.2,1
32,公館加壓站,0.06,0.49,7.1,1
33,萬芳二號配水池,0.05,0.46,6.9,1
34,指南二加壓站,0.05,0.47,7.1,1
35,木柵二期配水池,0.19,0.43,7,1
36,三重加壓站,0.05,0.49,7,1
37,新北高中,0.06,0.47,6.9,1
38,指南六加壓站,0.11,0.27,8,1
39,大同加壓站,0.06,0.45,7.1,1
40,麗山國中,0.07,0.44,7.1,1
41,重慶國中,0.05,0.44,7,1
42,台北海洋技術學院,0.07,0.47,8,1
43,介壽國中,0.12,0.56,7,1
44,士林國中,0.07,0.48,7,1
45,陽明高中,0.05,0.45,7.4,1
46,捷運石牌站,0.07,0.43,7,1
47,天母加壓站,0.05,0.49,6.9,1
48,關渡國小,0.03,0.44,7.3,1
49,捷運淡水站,0.04,0.48,7.1,1
50,北投第4配水池,0.04,0.49,7.2,1
51,北投加壓站,0.05,0.46,7,1
52,松山加壓站,0.04,0.5,7,1
53,內溝里加壓站,0.06,0.47,7,1
54,潭美國小,-9,-9,-9,1
55,東湖國中,0.1,0.34,6.9,1
56,民生加壓站,0.04,0.51,6.8,1
57,興隆公營住宅1區,0.04,0.4,7.6,1
58,陽明淨水場,0.06,0.58,7.1,1
59,隧道,0.01,0.59,6.6,1
60,中正路配水池,0.04,0.51,6.7,1
61,中山樓,0.13,0.43,7.2,1
62,鹿角坑(三加),0.03,0.63,7.3,1
63,泉源國小,-9,-9,-9,1
64,三角埔加壓站,0.04,0.48,6.8,1
1,雙溪淨水場,0.02,0.61,7.4,1
2,衛理女中,0.15,0.35,7.4,1
3,雙溪國小,0.07,0.24,7.3,1
4,華興加壓站,0.11,0.31,7.1,1
5,長興淨水場,0.03,0.47,7,1
6,市政大樓,0.04,0.46,7.4,1
7,市議會,0.07,0.4,7.2,1
8,捷運忠孝復興站,0.05,0.43,6.9,1
9,南港高工,0.05,0.46,6.9,1
10,南港加壓站,0.09,0.45,6.9,1
11,挹翠加壓站,0.07,0.42,7.1,1
12,敦化國中,0.07,0.48,7,1
13,公館淨水場,0.06,0.61,6.9,1
14,捷運台北車站,0.09,0.42,7.1,1
15,捷運中正紀念堂站,0.05,0.42,7,1
16,萬華國中,0.03,0.39,7,1
17,華江社區配水池,0.07,0.32,7,1
18,西門國小,0.04,0.54,6.9,1
19,忠孝國小,0.04,0.44,7.2,1
20,螢橋國小,0.07,0.48,7,1
21,直潭淨水場,0.04,0.54,7.2,1
22,伸仗板配水池,0.05,0.58,7.3,1
23,中和加壓站,0.07,0.55,6.9,1
24,安康加壓站,0.04,0.5,7.2,1
25,頂溪站,0.1,0.48,7,1
26,中和國小,0.08,0.5,6.9,1
27,積穗國小,-9,-9,-9,1
28,捷運大坪林站,0.04,0.42,6.8,1
29,十二張加壓站,0.05,0.46,6.9,1
30,景美女中,0.06,0.47,7,1
31,木柵動物園,0.13,0.46,7.2,1
32,公館加壓站,0.05,0.49,7.1,1
33,萬芳二號配水池,0.05,0.46,6.9,1
34,指南二加壓站,0.05,0.47,7.1,1
35,木柵二期配水池,0.18,0.43,7,1
36,三重加壓站,0.05,0.49,7,1
37,新北高中,0.06,0.47,6.9,1
38,指南六加壓站,0.11,0.27,8,1
39,大同加壓站,0.06,0.45,7.1,1
40,麗山國中,0.07,0.46,7.1,1
41,重慶國中,0.04,0.46,7,1
42,台北海洋技術學院,0.06,0.47,8,1
43,介壽國中,0.13,0.55,7,1
44,士林國中,0.06,0.47,7,1
45,陽明高中,0.05,0.45,7.4,1
46,捷運石牌站,0.08,0.42,7,1
47,天母加壓站,0.06,0.49,6.9,1
48,關渡國小,0.03,0.44,7.3,1
49,捷運淡水站,0.04,0.47,7.1,1
50,北投第4配水池,0.04,0.49,7.2,1
51,北投加壓站,0.05,0.46,7,1
52,松山加壓站,0.04,0.5,7,1
53,內溝里加壓站,0.06,0.51,7,1
54,潭美國小,-9,-9,-9,1
55,東湖國中,0.1,0.34,6.9,1
56,民生加壓站,0.04,0.51,6.8,1
57,興隆公營住宅1區,0.03,0.4,7.6,1
58,陽明淨水場,0.06,0.6,7.1,1
59,隧道,0.01,0.59,6.6,1
60,中正路配水池,0.05,0.51,6.7,1
61,中山樓,0.13,0.44,7.2,1
62,鹿角坑(三加),0.04,0.62,7.3,1
63,泉源國小,-9,-9,-9,1
64,三角埔加壓站,0.04,0.48,6.8,1
1,雙溪淨水場,0.02,0.61,7.4,1
2,衛理女中,0.15,0.35,7.4,1
3,雙溪國小,0.08,0.24,7.3,1
4,華興加壓站,0.11,0.32,7.1,1
5,長興淨水場,0.04,0.47,7,1
6,市政大樓,0.04,0.46,7.4,1
7,市議會,0.07,0.4,7.2,1
8,捷運忠孝復興站,0.06,0.43,6.9,1
9,南港高工,0.04,0.46,6.9,1
10,南港加壓站,0.09,0.45,6.9,1
11,挹翠加壓站,0.07,0.42,7.1,1
12,敦化國中,0.05,0.48,7,1
13,公館淨水場,0.06,0.6,6.9,1
14,捷運台北車站,0.09,0.42,7.1,1
15,捷運中正紀念堂站,0.05,0.42,7,1
16,萬華國中,0.03,0.39,7,1
17,華江社區配水池,0.08,0.32,7,1
18,西門國小,0.04,0.54,6.9,1
19,忠孝國小,0.04,0.45,7.2,1
20,螢橋國小,0.07,0.48,7,1
21,直潭淨水場,0.04,0.54,7.2,1
22,伸仗板配水池,0.05,0.58,7.3,1
23,中和加壓站,0.06,0.55,6.9,1
24,安康加壓站,0.05,0.51,7.2,1
25,頂溪站,0.1,0.48,7,1
26,中和國小,0.08,0.48,6.9,1
27,積穗國小,-9,-9,-9,1
28,捷運大坪林站,0.04,0.41,6.8,1
29,十二張加壓站,0.13,0.45,6.9,1
30,景美女中,0.06,0.46,7,1
31,木柵動物園,0.11,0.46,7.2,1
32,公館加壓站,0.06,0.48,7.1,1
33,萬芳二號配水池,0.05,0.45,6.9,1
34,指南二加壓站,0.06,0.47,7.1,1
35,木柵二期配水池,0.18,0.43,7,1
36,三重加壓站,0.05,0.49,7,1
37,新北高中,0.06,0.47,6.9,1
38,指南六加壓站,0.11,0.26,8,1
39,大同加壓站,0.06,0.45,7,1
40,麗山國中,0.08,0.46,7.1,1
41,重慶國中,0.05,0.47,7,1
42,台北海洋技術學院,0.06,0.48,8,1
43,介壽國中,0.13,0.55,7,1
44,士林國中,0.07,0.47,7,1
45,陽明高中,0.05,0.45,7.4,1
46,捷運石牌站,0.08,0.42,7,1
47,天母加壓站,0.05,0.49,6.9,1
48,關渡國小,0.03,0.44,7.3,1
49,捷運淡水站,0.04,0.47,7.1,1
50,北投第4配水池,0.04,0.49,7.2,1
51,北投加壓站,0.05,0.46,7,1
52,松山加壓站,0.04,0.5,7,1
53,內溝里加壓站,0.05,0.55,6.9,1
54,潭美國小,-9,-9,-9,1
55,東湖國中,0.1,0.35,6.9,1
56,民生加壓站,0.04,0.51,6.8,1
57,興隆公營住宅1區,0.04,0.4,7.6,1
58,陽明淨水場,0.06,0.61,7.1,1
59,隧道,0.01,0.6,6.6,1
60,中正路配水池,0.07,0.5,6.7,1
61,中山樓,0.13,0.44,7.2,1
62,鹿角坑(三加),0.04,0.63,7.3,1
63,泉源國小,-9,-9,-9,1
64,三角埔加壓站,0.04,0.48,6.8,1
1,雙溪淨水場,0.02,0.61,7.4,1
2,衛理女中,0.15,0.35,7.4,1
3,雙溪國小,0.07,0.24,7.3,1
4,華興加壓站,0.1,0.31,7.1,1
5,長興淨水場,0.03,0.46,7,1
6,市政大樓,0.05,0.47,7.4,1
7,市議會,0.07,0.4,7.2,1
8,捷運忠孝復興站,0.05,0.43,6.9,1
9,南港高工,0.05,0.46,6.9,1
10,南港加壓站,0.09,0.45,6.9,1
11,挹翠加壓站,0.07,0.41,7.1,1
12,敦化國中,0.02,0.47,7,1
13,公館淨水場,0.06,0.59,6.9,1
14,捷運台北車站,0.08,0.42,7.1,1
15,捷運中正紀念堂站,0.06,0.41,7,1
16,萬華國中,0.03,0.39,7,1
17,華江社區配水池,0.07,0.31,7,1
18,西門國小,0.04,0.53,6.9,1
19,忠孝國小,0.04,0.45,7.2,1
20,螢橋國小,0.07,0.49,7,1
21,直潭淨水場,0.04,0.55,7.2,1
22,伸仗板配水池,0.05,0.58,7.3,1
23,中和加壓站,0.06,0.55,6.9,1
24,安康加壓站,0.04,0.51,7.2,1
25,頂溪站,0.1,0.48,7,1
26,中和國小,0.09,0.48,7,1
27,積穗國小,-9,-9,-9,1
28,捷運大坪林站,0.05,0.4,6.8,1
29,十二張加壓站,0.23,0.45,6.9,1
30,景美女中,0.06,0.46,7,1
31,木柵動物園,0.11,0.47,7.2,1
32,公館加壓站,0.05,0.48,7.1,1
33,萬芳二號配水池,0.05,0.45,6.9,1
34,指南二加壓站,0.05,0.47,7.1,1
35,木柵二期配水池,0.18,0.44,7,1
36,三重加壓站,0.05,0.48,7,1
37,新北高中,0.06,0.47,6.9,1
38,指南六加壓站,0.11,0.26,8,1
39,大同加壓站,0.06,0.45,7,1
40,麗山國中,0.11,0.46,7.1,1
41,重慶國中,0.05,0.46,7,1
42,台北海洋技術學院,0.06,0.47,8,1
43,介壽國中,0.12,0.55,7,1
44,士林國中,0.06,0.47,7,1
45,陽明高中,0.05,0.44,7.4,1
46,捷運石牌站,0.06,0.42,7,1
47,天母加壓站,0.06,0.49,6.9,1
48,關渡國小,0.03,0.44,7.3,1
49,捷運淡水站,0.04,0.47,7.1,1
50,北投第4配水池,0.04,0.49,7.2,1
51,北投加壓站,0.05,0.46,7,1
52,松山加壓站,0.05,0.5,7,1
53,內溝里加壓站,0.05,0.5,7,1
54,潭美國小,-9,-9,-9,1
55,東湖國中,0.1,0.36,6.9,1
56,民生加壓站,0.04,0.51,6.8,1
57,興隆公營住宅1區,0.04,0.39,7.6,1
58,陽明淨水場,0.06,0.59,7.1,1
59,隧道,0.01,0.6,6.6,1
60,中正路配水池,0.04,0.5,6.7,1
61,中山樓,0.13,0.44,7.2,1
62,鹿角坑(三加),0.04,0.63,7.3,1
63,泉源國小,-9,-9,-9,1
64,三角埔加壓站,0.04,0.49,6.8,1
1,雙溪淨水場,0.02,0.6,7.4,1
2,衛理女中,0.15,0.35,7.4,1
3,雙溪國小,0.07,0.23,7.3,1
4,華興加壓站,0.11,0.32,7.1,1
5,長興淨水場,0.04,0.46,7,1
6,市政大樓,0.05,0.46,7.4,1
7,市議會,0.07,0.4,7.2,1
8,捷運忠孝復興站,0.06,0.42,6.9,1
9,南港高工,0.05,0.46,6.9,1
10,南港加壓站,0.09,0.45,6.9,1
11,挹翠加壓站,0.08,0.41,7.1,1
12,敦化國中,0.02,0.47,7,1
13,公館淨水場,0.06,0.59,6.9,1
14,捷運台北車站,0.08,0.42,7.1,1
15,捷運中正紀念堂站,0.05,0.41,7,1
16,萬華國中,0.03,0.39,7,1
17,華江社區配水池,0.07,0.31,7,1
18,西門國小,0.04,0.53,6.9,1
19,忠孝國小,0.04,0.46,7.2,1
20,螢橋國小,0.08,0.48,7,1
21,直潭淨水場,0.04,0.55,7.2,1
22,伸仗板配水池,0.05,0.58,7.3,1
23,中和加壓站,0.06,0.56,6.9,1
24,安康加壓站,0.04,0.51,7.2,1
25,頂溪站,0.1,0.47,7,1
26,中和國小,0.08,0.48,6.9,1
27,積穗國小,-9,-9,-9,1
28,捷運大坪林站,0.05,0.39,6.8,1
29,十二張加壓站,1.39,0.47,6.9,1
30,景美女中,0.06,0.45,7,1
31,木柵動物園,0.11,0.47,7.2,1
32,公館加壓站,0.06,0.48,7.1,1
33,萬芳二號配水池,0.05,0.45,6.9,1
34,指南二加壓站,0.06,0.47,7.1,1
35,木柵二期配水池,0.19,0.44,7,1
36,三重加壓站,0.05,0.48,7,1
37,新北高中,0.07,0.47,6.9,1
38,指南六加壓站,0.11,0.26,8,1
39,大同加壓站,0.06,0.45,7,1
40,麗山國中,0.08,0.46,7.1,1
41,重慶國中,0.05,0.46,7,1
42,台北海洋技術學院,0.06,0.47,8,1
43,介壽國中,0.12,0.55,7,1
44,士林國中,0.07,0.46,7,1
45,陽明高中,0.04,0.44,7.4,1
46,捷運石牌站,0.06,0.43,7,1
47,天母加壓站,0.05,0.5,6.9,1
48,關渡國小,0.03,0.44,7.3,1
49,捷運淡水站,0.04,0.47,7.1,1
50,北投第4配水池,0.04,0.49,7.2,1
51,北投加壓站,0.05,0.46,7,1
52,松山加壓站,0.04,0.5,7,1
53,內溝里加壓站,0.06,0.48,7,1
54,潭美國小,-9,-9,-9,1
55,東湖國中,0.1,0.36,6.9,1
56,民生加壓站,0.04,0.51,6.8,1
57,興隆公營住宅1區,0.04,0.39,7.6,1
58,陽明淨水場,0.06,0.57,7.1,1
59,隧道,0.01,0.59,6.6,1
60,中正路配水池,0.04,0.49,6.7,1
61,中山樓,0.13,0.43,7.2,1
62,鹿角坑(三加),0.03,0.63,7.3,1
63,泉源國小,-9,-9,-9,1
64,三角埔加壓站,0.04,0.48,6.8,1
1,雙溪淨水場,0.02,0.6,7.4,1
2,衛理女中,0.14,0.35,7.4,1
3,雙溪國小,0.08,0.23,7.3,1
4,華興加壓站,0.1,0.31,7.1,1
5,長興淨水場,0.04,0.46,7,1
6,市政大樓,0.06,0.47,7.4,1
7,市議會,0.07,0.4,7.2,1
8,捷運忠孝復興站,0.06,0.43,6.9,1
9,南港高工,0.05,0.46,6.9,1
10,南港加壓站,0.09,0.45,6.9,1
11,挹翠加壓站,0.08,0.4,7.1,1
12,敦化國中,0.03,0.47,7,1
13,公館淨水場,0.06,0.58,6.9,1
14,捷運台北車站,0.08,0.42,7.1,1
15,捷運中正紀念堂站,0.06,0.41,7,1
16,萬華國中,0.03,0.4,7,1
17,華江社區配水池,0.07,0.3,7,1
18,西門國小,0.04,0.53,6.9,1
19,忠孝國小,0.03,0.46,7.2,1
20,螢橋國小,0.07,0.48,7,1
21,直潭淨水場,0.04,0.55,7.2,1
22,伸仗板配水池,0.05,0.58,7.3,1
23,中和加壓站,0.07,0.56,7,1
24,安康加壓站,0.04,0.5,7.2,1
25,頂溪站,0.11,0.47,7,1
26,中和國小,0.16,0.49,6.9,1
27,積穗國小,-9,-9,-9,1
28,捷運大坪林站,0.05,0.39,6.9,1
29,十二張加壓站,-9,0.46,6.9,1
30,景美女中,0.07,0.45,7,1
31,木柵動物園,0.11,0.47,7.2,1
32,公館加壓站,0.06,0.48,7.1,1
33,萬芳二號配水池,0.06,0.46,6.9,1
34,指南二加壓站,0.05,0.47,7.1,1
35,木柵二期配水池,0.18,0.44,7,1
36,三重加壓站,0.05,0.48,7,1
37,新北高中,0.06,0.47,6.9,1
38,指南六加壓站,0.11,0.26,8,1
39,大同加壓站,0.06,0.45,7,1
40,麗山國中,0.08,0.45,7,1
41,重慶國中,0.05,0.46,7,1
42,台北海洋技術學院,0.06,0.46,8,1
43,介壽國中,0.13,0.55,7,1
44,士林國中,0.06,0.47,7,1
45,陽明高中,0.04,0.44,7.4,1
46,捷運石牌站,0.06,0.44,7,1
47,天母加壓站,0.06,0.49,6.9,1
48,關渡國小,0.03,0.44,7.3,1
49,捷運淡水站,0.04,0.47,7.1,1
50,北投第4配水池,0.04,0.49,7.2,1
51,北投加壓站,0.05,0.45,7,1
52,松山加壓站,0.04,0.5,7,1
53,內溝里加壓站,0.06,0.47,7.1,1
54,潭美國小,-9,-9,-9,1
55,東湖國中,0.1,0.36,6.9,1
56,民生加壓站,0.04,0.51,6.8,1
57,興隆公營住宅1區,0.03,0.39,7.6,1
58,陽明淨水場,0.06,0.58,7.1,1
59,隧道,0.01,0.6,6.6,1
60,中正路配水池,0.05,0.5,6.7,1
61,中山樓,0.13,0.43,7.2,1
62,鹿角坑(三加),0.04,0.66,7.3,1
63,泉源國小,-9,-9,-9,1
64,三角埔加壓站,0.03,0.49,6.8,1
1,雙溪淨水場,0.02,0.6,7.4,1
2,衛理女中,0.15,0.35,7.4,1
3,雙溪國小,0.08,0.23,7.3,1
4,華興加壓站,0.1,0.32,7.1,1
5,長興淨水場,0.03,0.45,7,1
6,市政大樓,0.1,0.47,7.4,1
7,市議會,0.08,0.4,7.2,1
8,捷運忠孝復興站,0.06,0.43,6.9,1
9,南港高工,0.05,0.46,6.9,1
10,南港加壓站,0.09,0.45,6.9,1
11,挹翠加壓站,0.08,0.4,7.1,1
12,敦化國中,0.02,0.47,7,1
13,公館淨水場,0.06,0.58,6.9,1
14,捷運台北車站,0.08,0.43,7.1,1
15,捷運中正紀念堂站,0.05,0.4,7,1
16,萬華國中,0.03,0.4,7,1
17,華江社區配水池,0.08,0.3,7,1
18,西門國小,0.04,0.52,6.9,1
19,忠孝國小,0.03,0.47,7.2,1
20,螢橋國小,0.08,0.49,7,1
21,直潭淨水場,0.04,0.56,7.2,1
22,伸仗板配水池,0.05,0.58,7.3,1
23,中和加壓站,0.07,0.56,7,1
24,安康加壓站,0.04,0.51,7.2,1
25,頂溪站,0.1,0.47,7,1
26,中和國小,0.08,0.49,7,1
27,積穗國小,-9,-9,-9,1
28,捷運大坪林站,0.04,0.43,6.9,1
29,十二張加壓站,-9,0.46,6.9,1
30,景美女中,0.07,0.45,7,1
31,木柵動物園,0.07,0.46,7.2,1
32,公館加壓站,0.06,0.48,7.1,1
33,萬芳二號配水池,0.08,0.47,6.9,1
34,指南二加壓站,0.05,0.47,7.1,1
35,木柵二期配水池,0.18,0.44,7,1
36,三重加壓站,0.05,0.48,7,1
37,新北高中,0.06,0.47,6.9,1
38,指南六加壓站,0.11,0.26,8,1
39,大同加壓站,0.06,0.45,7.1,1
40,麗山國中,0.08,0.44,7.1,1
41,重慶國中,0.04,0.46,7,1
42,台北海洋技術學院,0.06,0.46,8,1
43,介壽國中,0.13,0.54,7,1
44,士林國中,0.07,0.46,7,1
45,陽明高中,0.04,0.44,7.4,1
46,捷運石牌站,0.11,0.43,7,1
47,天母加壓站,0.06,0.49,6.9,1
48,關渡國小,0.03,0.44,7.3,1
49,捷運淡水站,0.04,0.47,7.1,1
50,北投第4配水池,0.04,0.49,7.2,1
51,北投加壓站,0.05,0.45,7,1
52,松山加壓站,0.04,0.5,7,1
53,內溝里加壓站,0.06,0.46,7.1,1
54,潭美國小,-9,-9,-9,1
55,東湖國中,0.1,0.36,6.9,1
56,民生加壓站,0.04,0.51,6.8,1
57,興隆公營住宅1區,0.04,0.39,7.6,1
58,陽明淨水場,0.06,0.58,7.1,1
59,隧道,0.01,0.59,6.6,1
60,中正路配水池,0.05,0.5,6.7,1
61,中山樓,0.13,0.43,7.2,1
62,鹿角坑(三加),0.04,0.65,7.3,1
63,泉源國小,-9,-9,-9,1
64,三角埔加壓站,0.04,0.49,6.8,1
1,雙溪淨水場,0.02,0.59,7.4,1
2,衛理女中,0.15,0.35,7.4,1
3,雙溪國小,0.08,0.23,7.3,1
4,華興加壓站,0.1,0.32,7.1,1
5,長興淨水場,0.03,0.45,7,1
6,市政大樓,0.08,0.47,7.4,1
7,市議會,0.08,0.39,7.2,1
8,捷運忠孝復興站,0.05,0.44,6.9,1
9,南港高工,0.05,0.45,6.9,1
10,南港加壓站,0.08,0.45,6.9,1
11,挹翠加壓站,0.08,0.4,7.1,1
12,敦化國中,0.03,0.46,7,1
13,公館淨水場,0.06,0.57,6.9,1
14,捷運台北車站,0.07,0.43,7.1,1
15,捷運中正紀念堂站,0.05,0.39,7,1
16,萬華國中,0.03,0.41,7,1
17,華江社區配水池,0.07,0.29,7,1
18,西門國小,0.03,0.52,6.9,1
19,忠孝國小,0.05,0.44,7.2,1
20,螢橋國小,0.08,0.48,7,1
21,直潭淨水場,0.04,0.56,7.2,1
22,伸仗板配水池,0.05,0.58,7.3,1
23,中和加壓站,0.06,0.56,7,1
24,安康加壓站,0.04,0.51,7.2,1
25,頂溪站,0.1,0.46,7,1
26,中和國小,0.08,0.5,7,1
27,積穗國小,-9,-9,-9,1
28,捷運大坪林站,0.04,0.45,6.9,1
29,十二張加壓站,1.6,0.45,6.9,1
30,景美女中,0.07,0.44,7,1
31,木柵動物園,0.14,0.46,7.2,1
32,公館加壓站,0.06,0.48,7.1,1
33,萬芳二號配水池,0.06,0.48,6.8,1
34,指南二加壓站,0.05,0.46,7.1,1
35,木柵二期配水池,0.18,0.44,7,1
36,三重加壓站,0.05,0.47,7,1
37,新北高中,0.05,0.46,6.9,1
38,指南六加壓站,0.11,0.26,8,1
39,大同加壓站,0.06,0.44,7.1,1
40,麗山國中,0.08,0.44,7.1,1
41,重慶國中,0.05,0.47,7,1
42,台北海洋技術學院,0.05,0.46,8.1,1
43,介壽國中,0.14,0.54,7,1
44,士林國中,0.07,0.47,6.9,1
45,陽明高中,0.04,0.44,7.4,1
46,捷運石牌站,0.14,0.43,7,1
47,天母加壓站,0.06,0.48,6.9,1
48,關渡國小,0.03,0.44,7.3,1
49,捷運淡水站,0.04,0.47,7.1,1
50,北投第4配水池,0.04,0.49,7.2,1
51,北投加壓站,0.06,0.44,7,1
52,松山加壓站,0.05,0.5,7,1
53,內溝里加壓站,0.06,0.45,7.1,1
54,潭美國小,-9,-9,-9,1
55,東湖國中,0.1,0.37,6.9,1
56,民生加壓站,0.04,0.51,6.8,1
57,興隆公營住宅1區,0.04,0.38,7.6,1
58,陽明淨水場,0.06,0.58,7.2,1
59,隧道,0.01,0.59,6.6,1
60,中正路配水池,0.06,0.5,6.7,1
61,中山樓,0.13,0.44,7.2,1
62,鹿角坑(三加),0.04,0.66,7.3,1
63,泉源國小,-9,-9,-9,1
64,三角埔加壓站,0.04,0.49,6.8,1
1,雙溪淨水場,0.02,0.59,7.4,1
2,衛理女中,0.15,0.36,7.4,1
3,雙溪國小,0.08,0.22,7.3,1
4,華興加壓站,0.1,0.32,7.1,1
5,長興淨水場,0.02,0.45,7,1
6,市政大樓,0.05,0.46,7.4,1
7,市議會,0.07,0.39,7.2,1
8,捷運忠孝復興站,0.05,0.43,6.9,1
9,南港高工,0.05,0.45,6.9,1
10,南港加壓站,0.09,0.45,6.9,1
11,挹翠加壓站,0.08,0.4,7.2,1
12,敦化國中,0.02,0.45,7,1
13,公館淨水場,0.06,0.56,6.9,1
14,捷運台北車站,0.07,0.43,7.1,1
15,捷運中正紀念堂站,0.05,0.41,7,1
16,萬華國中,0.03,0.41,7,1
17,華江社區配水池,0.07,0.29,7,1
18,西門國小,0.03,0.52,6.9,1
19,忠孝國小,0.08,0.48,7.1,1
20,螢橋國小,0.09,0.48,7,1
21,直潭淨水場,0.04,0.57,7.2,1
22,伸仗板配水池,0.05,0.58,7.3,1
23,中和加壓站,0.06,0.56,7,1
24,安康加壓站,0.04,0.51,7.2,1
25,頂溪站,0.1,0.47,7,1
26,中和國小,0.09,0.51,6.9,1
27,積穗國小,-9,-9,-9,1
28,捷運大坪林站,0.04,0.44,6.8,1
29,十二張加壓站,-9,0.47,6.9,1
30,景美女中,0.08,0.44,7,1
31,木柵動物園,0.07,0.46,7.2,1
32,公館加壓站,0.06,0.48,7.1,1
33,萬芳二號配水池,0.05,0.47,6.8,1
34,指南二加壓站,0.05,0.46,7.1,1
35,木柵二期配水池,0.18,0.44,7,1
36,三重加壓站,0.04,0.47,7,1
37,新北高中,0.05,0.46,6.9,1
38,指南六加壓站,0.11,0.26,8,1
39,大同加壓站,0.06,0.43,7.1,1
40,麗山國中,0.08,0.43,7.1,1
41,重慶國中,0.05,0.47,7,1
42,台北海洋技術學院,0.06,0.47,8,1
43,介壽國中,0.13,0.54,7,1
44,士林國中,0.07,0.46,6.9,1
45,陽明高中,0.04,0.44,7.4,1
46,捷運石牌站,0.39,0.44,7,1
47,天母加壓站,0.06,0.48,6.9,1
48,關渡國小,0.03,0.44,7.3,1
49,捷運淡水站,0.04,0.47,7.1,1
50,北投第4配水池,0.04,0.48,7.2,1
51,北投加壓站,0.06,0.44,7,1
52,松山加壓站,0.04,0.5,7,1
53,內溝里加壓站,0.07,0.44,7.1,1
54,潭美國小,-9,-9,-9,1
55,東湖國中,0.09,0.37,6.9,1
56,民生加壓站,0.04,0.51,6.8,1
57,興隆公營住宅1區,0.04,0.38,7.6,1
58,陽明淨水場,0.06,0.58,7.2,1
59,隧道,0.01,0.58,6.6,1
60,中正路配水池,0.04,0.5,6.7,1
61,中山樓,0.13,0.44,7.2,1
62,鹿角坑(三加),0.04,0.67,7.3,1
63,泉源國小,-9,-9,-9,1
64,三角埔加壓站,0.03,0.49,6.8,1
1,雙溪淨水場,0.02,0.59,7.4,1
2,衛理女中,0.15,0.36,7.4,1
3,雙溪國小,0.08,0.22,7.3,1
4,華興加壓站,0.1,0.32,7.1,1
5,長興淨水場,0.02,0.45,7,1
6,市政大樓,0.04,0.46,7.4,1
7,市議會,0.09,0.39,7.2,1
8,捷運忠孝復興站,0.05,0.43,6.9,1
9,南港高工,0.05,0.45,6.9,1
10,南港加壓站,0.08,0.44,6.9,1
11,挹翠加壓站,0.07,0.4,7.2,1
12,敦化國中,0.02,0.45,7,1
13,公館淨水場,0.06,0.57,6.9,1
14,捷運台北車站,0.07,0.43,7.1,1
15,捷運中正紀念堂站,0.05,0.45,7,1
16,萬華國中,0.03,0.41,7,1
17,華江社區配水池,0.07,0.29,7,1
18,西門國小,0.03,0.53,6.9,1
19,忠孝國小,0.05,0.48,7.1,1
20,螢橋國小,0.07,0.48,7,1
21,直潭淨水場,0.04,0.57,7.2,1
22,伸仗板配水池,0.05,0.58,7.3,1
23,中和加壓站,0.07,0.56,7,1
24,安康加壓站,0.04,0.51,7.2,1
25,頂溪站,0.09,0.47,7,1
26,中和國小,0.08,0.51,6.9,1
27,積穗國小,-9,-9,-9,1
28,捷運大坪林站,0.04,0.44,6.8,1
29,十二張加壓站,1.8,0.47,6.9,1
30,景美女中,0.1,0.44,7,1
31,木柵動物園,0.06,0.45,7.2,1
32,公館加壓站,0.06,0.48,7.1,1
33,萬芳二號配水池,0.05,0.47,6.8,1
34,指南二加壓站,0.05,0.45,7.1,1
35,木柵二期配水池,0.18,0.44,7,1
36,三重加壓站,0.05,0.47,7,1
37,新北高中,0.05,0.45,6.9,1
38,指南六加壓站,0.11,0.26,8,1
39,大同加壓站,0.06,0.42,7.1,1
40,麗山國中,0.08,0.42,7.1,1
41,重慶國中,0.05,0.47,7,1
42,台北海洋技術學院,0.06,0.47,8,1
43,介壽國中,0.14,0.53,7,1
44,士林國中,0.07,0.46,6.9,1
45,陽明高中,0.05,0.44,7.4,1
46,捷運石牌站,0.09,0.44,7,1
47,天母加壓站,0.06,0.48,6.9,1
48,關渡國小,0.02,0.44,7.3,1
49,捷運淡水站,0.04,0.47,7.1,1
50,北投第4配水池,0.04,0.48,7.2,1
51,北投加壓站,0.05,0.44,7,1
52,松山加壓站,0.04,0.49,7,1
53,內溝里加壓站,0.07,0.44,7.1,1
54,潭美國小,0.33,0.45,7,1
55,東湖國中,0.09,0.37,7,1
56,民生加壓站,0.04,0.52,6.8,1
57,興隆公營住宅1區,0.03,0.38,7.6,1
58,陽明淨水場,0.06,0.57,7.2,1
59,隧道,0.01,0.59,6.6,1
60,中正路配水池,0.04,0.5,6.7,1
61,中山樓,0.13,0.44,7.2,1
62,鹿角坑(三加),0.03,0.66,7.3,1
63,泉源國小,-9,-9,-9,1
64,三角埔加壓站,0.03,0.48,6.8,1
1,雙溪淨水場,0.02,0.59,7.4,1
2,衛理女中,0.15,0.36,7.3,1
3,雙溪國小,0.07,0.21,7.4,1
4,華興加壓站,0.1,0.31,7.1,1
5,長興淨水場,0.01,0.45,7,1
6,市政大樓,0.04,0.47,7.4,1
7,市議會,0.1,0.39,7.2,1
8,捷運忠孝復興站,0.05,0.43,6.8,1
9,南港高工,0.05,0.45,6.9,1
10,南港加壓站,0.09,0.44,6.9,1
11,挹翠加壓站,0.07,0.39,7.2,1
12,敦化國中,0.02,0.45,7,1
13,公館淨水場,0.06,0.56,6.9,1
14,捷運台北車站,0.08,0.44,7.1,1
15,捷運中正紀念堂站,0.05,0.47,7,1
16,萬華國中,0.03,0.41,7,1
17,華江社區配水池,0.07,0.28,7,1
18,西門國小,0.03,0.53,7,1
19,忠孝國小,0.04,0.48,7.1,1
20,螢橋國小,0.08,0.47,7,1
21,直潭淨水場,0.04,0.58,7.2,1
22,伸仗板配水池,0.05,0.57,7.3,1
23,中和加壓站,0.08,0.57,7,1
24,安康加壓站,0.04,0.53,7.2,1
25,頂溪站,0.09,0.46,7,1
26,中和國小,0.09,0.51,6.9,1
27,積穗國小,-9,-9,-9,1
28,捷運大坪林站,0.05,0.44,6.9,1
29,十二張加壓站,1,0.48,6.9,1
30,景美女中,0.13,0.44,7,1
31,木柵動物園,0.04,0.45,7.2,1
32,公館加壓站,0.06,0.48,7.1,1
33,萬芳二號配水池,0.05,0.46,6.8,1
34,指南二加壓站,0.06,0.45,7.1,1
35,木柵二期配水池,0.18,0.44,7,1
36,三重加壓站,0.05,0.46,7,1
37,新北高中,0.06,0.46,6.9,1
38,指南六加壓站,0.11,0.26,8,1
39,大同加壓站,0.06,0.42,7.1,1
40,麗山國中,0.08,0.42,7.1,1
41,重慶國中,0.04,0.46,7,1
42,台北海洋技術學院,0.06,0.47,8,1
43,介壽國中,0.13,0.53,7,1
44,士林國中,0.07,0.47,6.9,1
45,陽明高中,0.05,0.43,7.4,1
46,捷運石牌站,0.08,0.45,7,1
47,天母加壓站,0.05,0.49,6.9,1
48,關渡國小,0.02,0.44,7.3,1
49,捷運淡水站,0.04,0.47,7.1,1
50,北投第4配水池,0.04,0.48,7.2,1
51,北投加壓站,0.05,0.43,6.9,1
52,松山加壓站,0.04,0.49,7,1
53,內溝里加壓站,0.06,0.45,7.1,1
54,潭美國小,0.13,0.48,7,1
55,東湖國中,0.09,0.38,7,1
56,民生加壓站,0.04,0.52,6.8,1
57,興隆公營住宅1區,0.04,0.38,7.6,1
58,陽明淨水場,0.06,0.55,7.2,1
59,隧道,0.01,0.56,6.6,1
60,中正路配水池,0.04,0.5,6.7,1
61,中山樓,0.13,0.43,7.2,1
62,鹿角坑(三加),0.04,0.64,7.3,1
63,泉源國小,-9,-9,-9,1
64,三角埔加壓站,0.04,0.48,6.8,1
1,雙溪淨水場,0.02,0.59,7.4,1
2,衛理女中,0.15,0.36,7.3,1
3,雙溪國小,0.08,0.21,7.3,1
4,華興加壓站,0.1,0.32,7.1,1
5,長興淨水場,0.01,0.45,7,1
6,市政大樓,0.04,0.47,7.4,1
7,市議會,0.08,0.39,7.2,1
8,捷運忠孝復興站,0.05,0.42,6.9,1
9,南港高工,0.05,0.44,6.9,1
10,南港加壓站,0.08,0.44,6.9,1
11,挹翠加壓站,0.06,0.46,7.1,1
12,敦化國中,0.02,0.45,7,1
13,公館淨水場,0.06,0.56,6.9,1
14,捷運台北車站,0.08,0.44,7.1,1
15,捷運中正紀念堂站,0.05,0.5,6.8,1
16,萬華國中,0.03,0.41,7,1
17,華江社區配水池,0.07,0.28,7,1
18,西門國小,0.03,0.52,7,1
19,忠孝國小,0.04,0.48,7.1,1
20,螢橋國小,0.08,0.46,7,1
21,直潭淨水場,0.04,0.58,7.2,1
22,伸仗板配水池,0.06,0.57,7.3,1
23,中和加壓站,0.07,0.57,7,1
24,安康加壓站,0.04,0.54,7.2,1
25,頂溪站,0.09,0.46,7,1
26,中和國小,0.08,0.51,7,1
27,積穗國小,-9,-9,-9,1
28,捷運大坪林站,0.07,0.44,6.9,1
29,十二張加壓站,0.63,0.48,6.9,1
30,景美女中,0.14,0.43,7.1,1
31,木柵動物園,0.04,0.43,7.2,1
32,公館加壓站,0.06,0.48,7.1,1
33,萬芳二號配水池,0.06,0.46,6.8,1
34,指南二加壓站,0.05,0.45,7.1,1
35,木柵二期配水池,0.18,0.44,7,1
36,三重加壓站,0.05,0.46,7,1
37,新北高中,0.05,0.45,6.9,1
38,指南六加壓站,0.11,0.26,8,1
39,大同加壓站,0.06,0.41,7.1,1
40,麗山國中,0.07,0.42,7.1,1
41,重慶國中,-9,-9,-9,1
42,台北海洋技術學院,0.06,0.48,8,1
43,介壽國中,0.13,0.52,7,1
44,士林國中,0.06,0.46,6.9,1
45,陽明高中,0.05,0.43,7.4,1
46,捷運石牌站,0.07,0.45,7,1
47,天母加壓站,0.05,0.49,6.9,1
48,關渡國小,0.03,0.43,7.3,1
49,捷運淡水站,0.04,0.47,7.1,1
50,北投第4配水池,0.04,0.48,7.2,1
51,北投加壓站,0.05,0.43,6.9,1
52,松山加壓站,0.04,0.49,7,1
53,內溝里加壓站,0.07,0.45,7.1,1
54,潭美國小,0.1,0.48,7,1
55,東湖國中,0.09,0.38,7,1
56,民生加壓站,0.04,0.53,6.8,1
57,興隆公營住宅1區,0.04,0.38,7.6,1
58,陽明淨水場,0.06,0.53,7.2,1
59,隧道,0.01,0.57,6.6,1
60,中正路配水池,0.04,0.5,6.7,1
61,中山樓,0.13,0.43,7.2,1
62,鹿角坑(三加),0.03,0.63,7.3,1
63,泉源國小,-9,-9,-9,1
64,三角埔加壓站,0.03,0.48,6.8,1
1,雙溪淨水場,0.02,0.59,7.4,1
2,衛理女中,0.15,0.36,7.3,1
3,雙溪國小,0.08,0.21,7.3,1
4,華興加壓站,0.11,0.31,7.1,1
5,長興淨水場,0.01,0.44,7,1
6,市政大樓,0.04,0.47,7.4,1
7,市議會,0.07,0.39,7.2,1
8,捷運忠孝復興站,0.05,0.43,6.9,1
9,南港高工,0.05,0.45,6.9,1
10,南港加壓站,0.09,0.45,6.9,1
11,挹翠加壓站,0.05,0.49,7.1,1
12,敦化國中,0.02,0.45,7,1
13,公館淨水場,0.06,0.56,6.9,1
14,捷運台北車站,0.08,0.44,7.1,1
15,捷運中正紀念堂站,0.06,0.5,7,1
16,萬華國中,0.03,0.42,7,1
17,華江社區配水池,0.07,0.29,7,1
18,西門國小,0.03,0.5,6.9,1
19,忠孝國小,0.04,0.48,7.2,1
20,螢橋國小,0.08,0.47,7,1
21,直潭淨水場,0.05,0.59,7.2,1
22,伸仗板配水池,0.05,0.57,7.3,1
23,中和加壓站,0.07,0.58,6.9,1
24,安康加壓站,0.04,0.55,7.2,1
25,頂溪站,0.09,0.45,7,1
26,中和國小,0.1,0.51,6.9,1
27,積穗國小,-9,-9,-9,1
28,捷運大坪林站,0.06,0.44,6.9,1
29,十二張加壓站,0.68,0.49,6.9,1
30,景美女中,0.15,0.43,7.1,1
31,木柵動物園,0.06,0.44,7.2,1
32,公館加壓站,0.06,0.48,7.1,1
33,萬芳二號配水池,0.06,0.45,6.8,1
34,指南二加壓站,0.05,0.45,7.1,1
35,木柵二期配水池,0.19,0.44,7,1
36,三重加壓站,0.05,0.46,7,1
37,新北高中,0.05,0.45,6.9,1
38,指南六加壓站,0.11,0.26,8,1
39,大同加壓站,0.06,0.4,7.1,1
40,麗山國中,0.08,0.41,7.1,1
41,重慶國中,-9,-9,-9,1
42,台北海洋技術學院,0.06,0.48,8,1
43,介壽國中,0.14,0.52,7,1
44,士林國中,0.07,0.46,7,1
45,陽明高中,0.04,0.43,7.4,1
46,捷運石牌站,0.07,0.45,7,1
47,天母加壓站,0.06,0.49,6.9,1
48,關渡國小,0.02,0.43,7.3,1
49,捷運淡水站,0.04,0.47,7.1,1
50,北投第4配水池,0.04,0.48,7.2,1
51,北投加壓站,0.05,0.43,6.9,1
52,松山加壓站,0.04,0.49,7,1
53,內溝里加壓站,0.04,0.52,7,1
54,潭美國小,0.1,0.48,7,1
55,東湖國中,0.09,0.38,7,1
56,民生加壓站,0.04,0.52,6.8,1
57,興隆公營住宅1區,0.04,0.38,7.6,1
58,陽明淨水場,0.06,0.5,7.1,1
59,隧道,0.01,0.57,6.6,1
60,中正路配水池,0.04,0.5,6.7,1
61,中山樓,0.13,0.44,7.2,1
62,鹿角坑(三加),0.04,0.63,7.3,1
63,泉源國小,-9,-9,-9,1
64,三角埔加壓站,0.04,0.48,6.8,1
1,雙溪淨水場,0.02,0.59,7.4,1
2,衛理女中,0.15,0.35,7.3,1
3,雙溪國小,0.09,-9,7.3,1
4,華興加壓站,0.1,0.31,7.1,1
5,長興淨水場,0.01,0.44,7,1
6,市政大樓,0.04,0.47,7.4,1
7,市議會,0.08,0.39,7.2,1
8,捷運忠孝復興站,0.05,0.45,6.8,1
9,南港高工,0.04,0.45,6.9,1
10,南港加壓站,0.09,0.45,6.9,1
11,挹翠加壓站,0.04,0.49,7.1,1
12,敦化國中,0.03,0.45,7.1,1
13,公館淨水場,0.05,0.56,6.9,1
14,捷運台北車站,0.08,0.45,7.1,1
15,捷運中正紀念堂站,0.05,0.5,7,1
16,萬華國中,0.03,0.42,7,1
17,華江社區配水池,0.07,0.29,7,1
18,西門國小,0.03,0.51,6.9,1
19,忠孝國小,0.04,0.49,7.1,1
20,螢橋國小,0.07,0.47,7,1
21,直潭淨水場,0.05,0.59,7.2,1
22,伸仗板配水池,0.05,0.57,7.3,1
23,中和加壓站,0.07,0.58,6.9,1
24,安康加壓站,0.04,0.54,7.2,1
25,頂溪站,0.08,0.45,7,1
26,中和國小,0.08,0.5,7,1
27,積穗國小,-9,-9,-9,1
28,捷運大坪林站,0.07,0.45,6.9,1
29,十二張加壓站,0.44,0.49,6.9,1
30,景美女中,0.15,0.43,7.1,1
31,木柵動物園,0.07,0.44,7.2,1
32,公館加壓站,0.06,0.48,7.1,1
33,萬芳二號配水池,0.06,0.45,6.8,1
34,指南二加壓站,0.05,0.45,7.1,1
35,木柵二期配水池,0.18,0.44,7,1
36,三重加壓站,0.05,0.45,7,1
37,新北高中,0.06,0.45,6.9,1
38,指南六加壓站,0.11,0.26,8,1
39,大同加壓站,0.06,0.39,7.2,1
40,麗山國中,0.08,0.41,7.1,1
41,重慶國中,-9,-9,-9,1
42,台北海洋技術學院,0.06,0.46,8.1,1
43,介壽國中,0.13,0.53,7,1
44,士林國中,0.07,0.45,7,1
45,陽明高中,0.04,0.43,7.4,1
46,捷運石牌站,0.07,0.45,7,1
47,天母加壓站,0.05,0.5,6.9,1
48,關渡國小,0.02,0.43,7.3,1
49,捷運淡水站,0.04,0.46,7.1,1
50,北投第4配水池,0.04,0.48,7.2,1
51,北投加壓站,0.05,0.43,6.9,1
52,松山加壓站,0.04,0.49,7,1
53,內溝里加壓站,0.05,0.49,7,1
54,潭美國小,0.11,0.48,7,1
55,東湖國中,0.08,0.38,7,1
56,民生加壓站,0.04,0.52,6.8,1
57,興隆公營住宅1區,0.03,0.37,7.7,1
58,陽明淨水場,0.06,0.54,7.1,1
59,隧道,0.01,0.57,6.6,1
60,中正路配水池,0.03,0.5,6.7,1
61,中山樓,0.13,0.45,7.2,1
62,鹿角坑(三加),0.04,0.63,7.3,1
63,泉源國小,-9,-9,-9,1
64,三角埔加壓站,0.04,0.48,6.8,1
1,雙溪淨水場,0.02,0.6,7.4,1
2,衛理女中,0.15,0.35,7.3,1
3,雙溪國小,0.08,-9,7.3,1
4,華興加壓站,0.11,0.31,7.1,1
5,長興淨水場,0.01,0.44,7,1
6,市政大樓,0.04,0.48,7.4,1
7,市議會,0.07,0.39,7.2,1
8,捷運忠孝復興站,0.05,0.45,6.8,1
9,南港高工,0.04,0.45,6.9,1
10,南港加壓站,0.16,0.45,6.9,1
11,挹翠加壓站,0.08,0.49,7.1,1
12,敦化國中,0.03,0.44,7.2,1
13,公館淨水場,0.06,0.56,6.9,1
14,捷運台北車站,0.08,0.45,7.1,1
15,捷運中正紀念堂站,0.05,0.5,7,1
16,萬華國中,0.03,0.43,7,1
17,華江社區配水池,0.08,0.31,7,1
18,西門國小,0.03,0.51,6.9,1
19,忠孝國小,0.04,0.49,7.1,1
20,螢橋國小,0.07,0.46,7,1
21,直潭淨水場,0.04,0.6,7.2,1
22,伸仗板配水池,0.05,0.56,7.3,1
23,中和加壓站,0.07,0.59,6.9,1
24,安康加壓站,0.04,0.55,7.2,1
25,頂溪站,0.09,0.44,7,1
26,中和國小,0.08,0.51,6.9,1
27,積穗國小,-9,-9,-9,1
28,捷運大坪林站,0.09,0.45,6.9,1
29,十二張加壓站,0.47,0.48,6.9,1
30,景美女中,0.13,0.44,7.1,1
31,木柵動物園,0.09,0.45,7.2,1
32,公館加壓站,0.06,0.48,7.1,1
33,萬芳二號配水池,0.2,0.46,6.8,1
34,指南二加壓站,0.06,0.45,7.1,1
35,木柵二期配水池,0.18,0.44,7,1
36,三重加壓站,0.05,0.45,7,1
37,新北高中,0.06,0.44,6.9,1
38,指南六加壓站,0.11,0.26,8,1
39,大同加壓站,0.06,0.4,7.2,1
40,麗山國中,0.08,0.41,7.1,1
41,重慶國中,-9,-9,-9,1
42,台北海洋技術學院,0.06,0.46,8,1
43,介壽國中,0.12,0.52,7,1
44,士林國中,0.07,0.45,7,1
45,陽明高中,0.04,0.42,7.4,1
46,捷運石牌站,0.07,0.44,7,1
47,天母加壓站,0.05,0.5,6.9,1
48,關渡國小,0.02,0.43,7.3,1
49,捷運淡水站,0.04,0.46,7.1,1
50,北投第4配水池,0.41,0.48,7.2,1
51,北投加壓站,0.05,0.43,6.9,1
52,松山加壓站,0.32,0.48,7,1
53,內溝里加壓站,0.04,0.51,7,1
54,潭美國小,1.05,0.49,7,1
55,東湖國中,0.09,0.38,7,1
56,民生加壓站,0.04,0.52,6.8,1
57,興隆公營住宅1區,0.04,0.37,7.6,1
58,陽明淨水場,0.06,0.55,7.1,1
59,隧道,0.01,0.56,6.6,1
60,中正路配水池,0.05,0.5,6.7,1
61,中山樓,0.13,0.45,7.2,1
62,鹿角坑(三加),0.04,0.62,7.3,1
63,泉源國小,-9,-9,-9,1
64,三角埔加壓站,0.04,0.48,6.8,1
1,雙溪淨水場,0.02,0.6,7.4,1
2,衛理女中,0.15,0.35,7.3,1
3,雙溪國小,0.08,-9,7.3,1
4,華興加壓站,0.1,0.31,7.1,1
5,長興淨水場,0.01,0.45,7,1
6,市政大樓,0.04,0.48,7.4,1
7,市議會,0.08,0.39,7.2,1
8,捷運忠孝復興站,0.05,0.45,6.8,1
9,南港高工,0.05,0.45,6.9,1
10,南港加壓站,0.11,0.44,6.9,1
11,挹翠加壓站,0.08,0.48,7.2,1
12,敦化國中,0.03,0.46,7.1,1
13,公館淨水場,0.05,0.55,6.9,1
14,捷運台北車站,0.07,0.45,7.1,1
15,捷運中正紀念堂站,0.05,0.51,7,1
16,萬華國中,0.05,0.43,7,1
17,華江社區配水池,0.07,0.33,7,1
18,西門國小,0.03,0.53,6.9,1
19,忠孝國小,0.03,0.48,7.2,1
20,螢橋國小,0.06,0.46,7,1
21,直潭淨水場,0.04,0.61,7.2,1
22,伸仗板配水池,0.05,0.56,7.3,1
23,中和加壓站,0.06,0.59,6.9,1
24,安康加壓站,0.04,0.56,7.2,1
25,頂溪站,0.09,0.45,7,1
26,中和國小,0.08,0.5,6.9,1
27,積穗國小,-9,-9,-9,1
28,捷運大坪林站,0.1,0.46,6.9,1
29,十二張加壓站,0.86,0.49,6.9,1
30,景美女中,0.13,0.46,7.1,1
31,木柵動物園,0.07,0.47,7.2,1
32,公館加壓站,0.06,0.49,7.1,1
33,萬芳二號配水池,0.08,0.46,6.8,1
34,指南二加壓站,0.05,0.45,7.1,1
35,木柵二期配水池,0.18,0.44,7,1
36,三重加壓站,0.04,0.45,7,1
37,新北高中,0.05,0.44,6.9,1
38,指南六加壓站,0.11,0.26,8,1
39,大同加壓站,0.06,0.41,7.3,1
40,麗山國中,0.08,0.41,7.1,1
41,重慶國中,-9,-9,-9,1
42,台北海洋技術學院,0.06,0.45,8.1,1
43,介壽國中,0.13,0.53,7,1
44,士林國中,0.07,0.46,7,1
45,陽明高中,0.05,0.42,7.4,1
46,捷運石牌站,0.06,0.44,7,1
47,天母加壓站,0.04,0.5,6.9,1
48,關渡國小,0.02,0.42,7.3,1
49,捷運淡水站,0.04,0.46,7.1,1
50,北投第4配水池,0.05,0.48,7.2,1
51,北投加壓站,0.05,0.43,6.9,1
52,松山加壓站,0.07,0.48,7,1
53,內溝里加壓站,0.05,0.49,7,1
54,潭美國小,0.22,0.5,7,1
55,東湖國中,0.09,0.39,7,1
56,民生加壓站,0.04,0.51,6.8,1
57,興隆公營住宅1區,0.03,0.37,7.6,1
58,陽明淨水場,0.06,0.55,7.1,1
59,隧道,0.01,0.57,6.6,1
60,中正路配水池,0.05,0.49,6.7,1
61,中山樓,0.13,0.45,7.2,1
62,鹿角坑(三加),0.04,0.61,7.3,1
63,泉源國小,-9,-9,-9,1
64,三角埔加壓站,0.03,0.48,6.8,1
1,雙溪淨水場,0.02,0.6,7.4,1
2,衛理女中,0.15,0.35,7.3,1
3,雙溪國小,0.09,-9,7.3,1
4,華興加壓站,0.1,0.31,7.1,1
5,長興淨水場,0.01,0.45,7,1
6,市政大樓,0.04,0.48,7.4,1
7,市議會,0.09,0.41,7.2,1
8,捷運忠孝復興站,0.05,0.45,6.8,1
9,南港高工,0.05,0.45,6.9,1
10,南港加壓站,0.09,0.45,6.9,1
11,挹翠加壓站,0.07,0.48,7.2,1
12,敦化國中,0.02,0.47,7.1,1
13,公館淨水場,0.06,0.56,6.9,1
14,捷運台北車站,0.08,0.45,7.1,1
15,捷運中正紀念堂站,0.05,0.51,7,1
16,萬華國中,0.03,0.43,7,1
17,華江社區配水池,0.07,0.33,7,1
18,西門國小,0.03,0.53,6.9,1
19,忠孝國小,0.04,0.49,7.2,1
20,螢橋國小,0.07,0.46,7,1
21,直潭淨水場,0.04,0.62,7.2,1
22,伸仗板配水池,0.05,0.56,7.3,1
23,中和加壓站,0.07,0.6,7,1
24,安康加壓站,0.04,0.57,7.2,1
25,頂溪站,0.09,0.45,7,1
26,中和國小,0.08,0.5,6.9,1
27,積穗國小,-9,-9,-9,1
28,捷運大坪林站,0.11,0.46,6.9,1
29,十二張加壓站,0.41,0.5,6.9,1
30,景美女中,0.12,0.46,7.1,1
31,木柵動物園,0.07,0.47,7.2,1
32,公館加壓站,0.06,0.49,7.1,1
33,萬芳二號配水池,0.06,0.46,6.8,1
34,指南二加壓站,0.05,0.45,7.1,1
35,木柵二期配水池,0.18,0.44,7,1
36,三重加壓站,0.04,0.46,7,1
37,新北高中,0.06,0.44,6.9,1
38,指南六加壓站,0.11,0.25,8,1
39,大同加壓站,0.07,0.41,7.3,1
40,麗山國中,0.08,0.41,7.1,1
41,重慶國中,-9,-9,-9,1
42,台北海洋技術學院,0.05,0.44,8.2,1
43,介壽國中,0.13,0.52,7,1
44,士林國中,0.06,0.44,6.9,1
45,陽明高中,0.04,0.42,7.4,1
46,捷運石牌站,0.06,0.43,7,1
47,天母加壓站,0.05,0.5,6.9,1
48,關渡國小,0.02,0.42,7.3,1
49,捷運淡水站,0.04,0.46,7.1,1
50,北投第4配水池,0.05,0.48,7.2,1
51,北投加壓站,0.05,0.43,6.9,1
52,松山加壓站,0.06,0.48,7,1
53,內溝里加壓站,0.04,0.49,7.1,1
54,潭美國小,0.21,0.5,7,1
55,東湖國中,0.09,0.39,7,1
56,民生加壓站,0.04,0.51,6.8,1
57,興隆公營住宅1區,0.03,0.36,7.6,1
58,陽明淨水場,0.06,0.55,7.1,1
59,隧道,0.01,0.57,6.6,1
60,中正路配水池,0.04,0.49,6.7,1
61,中山樓,0.13,0.46,7.2,1
62,鹿角坑(三加),0.04,0.61,7.3,1
63,泉源國小,-9,-9,-9,1
64,三角埔加壓站,0.04,0.48,6.8,1
1,雙溪淨水場,0.02,0.61,7.4,1
2,衛理女中,0.14,0.37,7.3,1
3,雙溪國小,0.1,0.22,7.3,1
4,華興加壓站,0.1,0.3,7.1,1
5,長興淨水場,0.03,0.45,7,1
6,市政大樓,0.04,0.5,7.4,1
7,市議會,0.11,0.44,7.1,1
8,捷運忠孝復興站,0.05,0.46,6.8,1
9,南港高工,0.04,0.47,6.9,1
10,南港加壓站,-9,-9,-9,1
11,挹翠加壓站,0.13,0.46,7.2,1
12,敦化國中,0.03,0.51,7.1,1
13,公館淨水場,0.06,0.58,6.9,1
14,捷運台北車站,0.07,0.46,7.1,1
15,捷運中正紀念堂站,0.04,0.51,7,1
16,萬華國中,0.03,0.42,7,1
17,華江社區配水池,0.08,0.32,7,1
18,西門國小,0.03,0.51,6.9,1
19,忠孝國小,0.04,0.45,7.2,1
20,螢橋國小,0.06,0.46,7,1
21,直潭淨水場,0.04,0.65,7.2,1
22,伸仗板配水池,0.05,0.55,7.3,1
23,中和加壓站,0.06,0.66,7,1
24,安康加壓站,0.04,0.6,7.2,1
25,頂溪站,0.1,0.48,7,1
26,中和國小,0.1,0.52,6.9,1
27,積穗國小,-9,-9,-9,1
28,捷運大坪林站,0.14,0.49,6.9,1
29,十二張加壓站,0.3,0.53,6.9,1
30,景美女中,0.13,0.49,7,1
31,木柵動物園,0.05,0.5,7.2,1
32,公館加壓站,0.06,0.51,7.1,1
33,萬芳二號配水池,0.05,0.45,6.8,1
34,指南二加壓站,0.11,0.43,7.1,1
35,木柵二期配水池,0.22,0.44,7,1
36,三重加壓站,0.05,0.46,7,1
37,新北高中,0.05,0.43,6.9,1
38,指南六加壓站,0.11,0.25,8,1
39,大同加壓站,0.07,0.41,7.5,1
40,麗山國中,0.08,0.4,7.1,1
41,重慶國中,-9,-9,-9,1
42,台北海洋技術學院,0.06,0.47,8,1
43,介壽國中,0.14,0.53,7,1
44,士林國中,0.07,0.44,7,1
45,陽明高中,0.05,0.42,7.4,1
46,捷運石牌站,0.06,0.43,7,1
47,天母加壓站,0.04,0.49,6.9,1
48,關渡國小,0.03,0.41,7.3,1
49,捷運淡水站,0.04,0.46,7.2,1
50,北投第4配水池,0.04,0.47,7.2,1
51,北投加壓站,0.05,0.41,6.9,1
52,松山加壓站,0.05,0.48,7,1
53,內溝里加壓站,0.06,0.41,7,1
54,潭美國小,0.11,0.48,7,1
55,東湖國中,0.08,0.39,7,1
56,民生加壓站,0.04,0.49,6.8,1
57,興隆公營住宅1區,0.03,0.35,7.6,1
58,陽明淨水場,0.05,0.55,7.2,1
59,隧道,0.01,0.56,6.6,1
60,中正路配水池,0.05,0.49,6.8,1
61,中山樓,0.13,0.44,7.2,1
62,鹿角坑(三加),0.04,0.6,7.3,1
63,泉源國小,-9,-9,-9,1
64,三角埔加壓站,0.04,0.47,6.8,1
1,雙溪淨水場,0.02,0.62,7.4,1
2,衛理女中,0.14,0.37,7.4,1
3,雙溪國小,0.1,0.22,7.3,1
4,華興加壓站,0.1,0.3,7,1
5,長興淨水場,0.03,0.46,7,1
6,市政大樓,0.04,0.5,7.4,1
7,市議會,0.11,0.43,7.1,1
8,捷運忠孝復興站,0.05,0.46,6.8,1
9,南港高工,0.04,0.47,6.9,1
10,南港加壓站,-9,-9,-9,1
11,挹翠加壓站,0.09,0.48,7.1,1
12,敦化國中,0.02,0.51,7.1,1
13,公館淨水場,0.05,0.6,6.9,1
14,捷運台北車站,0.08,0.45,7.1,1
15,捷運中正紀念堂站,0.04,0.51,7,1
16,萬華國中,0.03,0.42,7,1
17,華江社區配水池,0.08,0.32,7,1
18,西門國小,0.03,0.5,6.9,1
19,忠孝國小,0.04,0.45,7.2,1
20,螢橋國小,0.07,0.46,7,1
21,直潭淨水場,0.04,0.66,7.2,1
22,伸仗板配水池,0.05,0.55,7.3,1
23,中和加壓站,0.07,0.66,6.9,1
24,安康加壓站,0.04,0.59,7.2,1
25,頂溪站,0.09,0.49,7,1
26,中和國小,0.09,0.54,6.9,1
27,積穗國小,-9,-9,-9,1
28,捷運大坪林站,0.16,0.49,6.9,1
29,十二張加壓站,0.32,0.54,6.9,1
30,景美女中,0.16,0.49,7,1
31,木柵動物園,0.05,0.51,7.2,1
32,公館加壓站,0.06,0.52,7.1,1
33,萬芳二號配水池,0.06,0.45,6.8,1
34,指南二加壓站,0.11,0.43,7.1,1
35,木柵二期配水池,0.18,0.44,7,1
36,三重加壓站,0.05,0.46,7,1
37,新北高中,0.05,0.43,6.9,1
38,指南六加壓站,0.1,0.25,8,1
39,大同加壓站,0.07,0.41,7.5,1
40,麗山國中,0.08,0.41,7.1,1
41,重慶國中,-9,-9,-9,1
42,台北海洋技術學院,0.06,0.47,8.1,1
43,介壽國中,0.13,0.53,7,1
44,士林國中,0.06,0.44,7,1
45,陽明高中,0.04,0.42,7.4,1
46,捷運石牌站,0.05,0.42,7,1
47,天母加壓站,0.04,0.48,6.9,1
48,關渡國小,0.03,0.41,7.3,1
49,捷運淡水站,0.04,0.46,7.2,1
50,北投第4配水池,0.05,0.47,7.2,1
51,北投加壓站,0.05,0.41,6.9,1
52,松山加壓站,0.05,0.48,7,1
53,內溝里加壓站,0.06,0.44,7,1
54,潭美國小,0.1,0.48,7,1
55,東湖國中,0.08,0.39,6.9,1
56,民生加壓站,0.04,0.5,6.8,1
57,興隆公營住宅1區,0.03,0.35,7.7,1
58,陽明淨水場,0.05,0.58,7.2,1
59,隧道,0.01,0.56,6.6,1
60,中正路配水池,0.05,0.48,6.8,1
61,中山樓,0.13,0.44,7.2,1
62,鹿角坑(三加),0.04,0.6,7.3,1
63,泉源國小,-9,-9,-9,1
64,三角埔加壓站,0.03,0.47,6.8,1
1,雙溪淨水場,0.02,0.62,7.4,1
2,衛理女中,0.14,0.36,7.3,1
3,雙溪國小,0.09,0.22,7.3,1
4,華興加壓站,0.1,0.3,7,1
5,長興淨水場,0.02,0.46,7,1
6,市政大樓,0.04,0.49,7.4,1
7,市議會,0.11,0.42,7.1,1
8,捷運忠孝復興站,0.05,0.47,6.8,1
9,南港高工,0.04,0.47,6.9,1
10,南港加壓站,0.11,0.47,7,1
11,挹翠加壓站,0.05,0.48,7,1
12,敦化國中,0.03,0.51,7.1,1
13,公館淨水場,0.05,0.6,6.9,1
14,捷運台北車站,0.08,0.46,7.1,1
15,捷運中正紀念堂站,0.05,0.5,7,1
16,萬華國中,0.02,0.41,7,1
17,華江社區配水池,0.07,0.31,7,1
18,西門國小,0.03,0.51,6.9,1
19,忠孝國小,0.04,0.45,7.2,1
20,螢橋國小,0.06,0.46,7,1
21,直潭淨水場,0.04,0.66,7.2,1
22,伸仗板配水池,0.05,0.55,7.3,1
23,中和加壓站,0.07,0.66,6.9,1
24,安康加壓站,0.04,0.59,7.2,1
25,頂溪站,0.09,0.48,7,1
26,中和國小,0.1,0.55,6.9,1
27,積穗國小,-9,-9,-9,1
28,捷運大坪林站,0.16,0.49,6.9,1
29,十二張加壓站,0.3,0.55,6.9,1
30,景美女中,0.2,0.5,7,1
31,木柵動物園,0.04,0.5,7.2,1
32,公館加壓站,0.06,0.53,7.1,1
33,萬芳二號配水池,0.07,0.45,6.8,1
34,指南二加壓站,0.11,0.43,7.1,1
35,木柵二期配水池,0.19,0.44,7,1
36,三重加壓站,0.05,0.47,7,1
37,新北高中,0.06,0.42,6.9,1
38,指南六加壓站,0.11,0.25,8,1
39,大同加壓站,0.07,0.41,7.5,1
40,麗山國中,0.09,0.41,7.1,1
41,重慶國中,-9,-9,-9,1
42,台北海洋技術學院,0.06,0.47,8,1
43,介壽國中,0.13,0.54,7,1
44,士林國中,0.07,0.45,7,1
45,陽明高中,0.04,0.42,7.4,1
46,捷運石牌站,0.06,0.42,7,1
47,天母加壓站,0.04,0.48,6.9,1
48,關渡國小,0.03,0.42,7.2,1
49,捷運淡水站,0.04,0.46,7.2,1
50,北投第4配水池,0.02,0.47,7.2,1
51,北投加壓站,0.05,0.41,6.9,1
52,松山加壓站,0.05,0.48,7,1
53,內溝里加壓站,0.05,0.51,6.9,1
54,潭美國小,0.1,0.48,7,1
55,東湖國中,0.08,0.39,6.8,1
56,民生加壓站,0.04,0.5,6.8,1
57,興隆公營住宅1區,0.04,0.35,7.7,1
58,陽明淨水場,0.05,0.6,7.2,1
59,隧道,0.01,0.56,6.6,1
60,中正路配水池,0.05,0.5,6.8,1
61,中山樓,0.13,0.44,7.2,1
62,鹿角坑(三加),0.04,0.6,7.3,1
63,泉源國小,-9,-9,-9,1
64,三角埔加壓站,0.03,0.47,6.8,1
1,雙溪淨水場,0.02,0.63,7.4,1
2,衛理女中,0.14,0.36,7.3,1
3,雙溪國小,0.08,0.23,7.3,1
4,華興加壓站,0.1,0.3,7,1
5,長興淨水場,0.03,0.46,7,1
6,市政大樓,0.04,0.48,7.4,1
7,市議會,0.13,0.41,7.1,1
8,捷運忠孝復興站,0.05,0.46,6.8,1
9,南港高工,0.04,0.47,6.9,1
10,南港加壓站,0.1,0.48,6.9,1
11,挹翠加壓站,0.04,0.47,7,1
12,敦化國中,0.07,0.5,7.1,1
13,公館淨水場,0.06,0.6,6.9,1
14,捷運台北車站,0.07,0.45,7.1,1
15,捷運中正紀念堂站,0.05,0.48,7,1
16,萬華國中,0.03,0.41,7,1
17,華江社區配水池,0.07,0.3,7,1
18,西門國小,0.03,0.51,6.9,1
19,忠孝國小,0.04,0.45,7.2,1
20,螢橋國小,0.06,0.46,7,1
21,直潭淨水場,0.08,0.66,7.2,1
22,伸仗板配水池,0.05,0.55,7.3,1
23,中和加壓站,0.07,0.66,6.9,1
24,安康加壓站,0.05,0.58,7.2,1
25,頂溪站,0.09,0.48,7,1
26,中和國小,0.1,0.57,6.9,1
27,積穗國小,-9,-9,-9,1
28,捷運大坪林站,0.16,0.49,6.9,1
29,十二張加壓站,0.33,0.55,6.9,1
30,景美女中,0.21,0.5,7,1
31,木柵動物園,0.08,0.51,7.2,1
32,公館加壓站,0.06,0.54,7.1,1
33,萬芳二號配水池,0.06,0.46,6.8,1
34,指南二加壓站,0.09,0.43,7.1,1
35,木柵二期配水池,0.18,0.43,7,1
36,三重加壓站,0.05,0.47,7,1
37,新北高中,0.06,0.42,6.9,1
38,指南六加壓站,0.11,0.24,8,1
39,大同加壓站,0.07,0.41,7.5,1
40,麗山國中,0.09,0.41,7.1,1
41,重慶國中,-9,-9,-9,1
42,台北海洋技術學院,0.06,0.47,8,1
43,介壽國中,0.13,0.54,7,1
44,士林國中,0.07,0.45,7,1
45,陽明高中,0.04,0.41,7.4,1
46,捷運石牌站,0.06,0.42,7,1
47,天母加壓站,0.04,0.48,6.9,1
48,關渡國小,0.02,0.42,7.3,1
49,捷運淡水站,0.04,0.45,7.2,1
50,北投第4配水池,0,-9,-9,1
51,北投加壓站,0.05,0.42,6.9,1
52,松山加壓站,0.05,0.48,7,1
53,內溝里加壓站,0.05,0.53,6.9,1
54,潭美國小,0.1,0.47,7,1
55,東湖國中,0.08,0.38,6.9,1
56,民生加壓站,0.04,0.5,6.8,1
57,興隆公營住宅1區,0.02,0.35,7.7,1
58,陽明淨水場,0.05,0.56,7.2,1
59,隧道,0.01,0.55,6.6,1
60,中正路配水池,0.06,0.5,6.8,1
61,中山樓,0.13,0.44,7.2,1
62,鹿角坑(三加),0.04,0.59,7.3,1
63,泉源國小,-9,-9,-9,1
64,三角埔加壓站,0.03,0.47,6.8,1
1,雙溪淨水場,0.02,0.63,7.4,1
2,衛理女中,0.14,0.36,7.4,1
3,雙溪國小,0.09,0.24,7.3,1
4,華興加壓站,0.1,0.3,7,1
5,長興淨水場,0.04,0.45,7,1
6,市政大樓,0.04,0.48,7.4,1
7,市議會,0.14,0.4,7.2,1
8,捷運忠孝復興站,0.05,0.47,6.8,1
9,南港高工,0.04,0.47,6.9,1
10,南港加壓站,1.64,0.48,6.9,1
11,挹翠加壓站,0.05,0.46,7.1,1
12,敦化國中,0.06,0.48,7.1,1
13,公館淨水場,0.05,0.6,6.9,1
14,捷運台北車站,0.07,0.45,7.1,1
15,捷運中正紀念堂站,0.04,0.48,7,1
16,萬華國中,0.03,0.41,7,1
17,華江社區配水池,0.07,0.29,7,1
18,西門國小,0.03,0.51,6.9,1
19,忠孝國小,0.04,0.44,7.2,1
20,螢橋國小,0.06,0.47,7,1
21,直潭淨水場,0.09,0.65,7.2,1
22,伸仗板配水池,0.05,0.55,7.3,1
23,中和加壓站,0.07,0.67,6.9,1
24,安康加壓站,0.04,0.58,7.2,1
25,頂溪站,0.09,0.53,7,1
26,中和國小,0.11,0.59,6.9,1
27,積穗國小,-9,-9,-9,1
28,捷運大坪林站,0.15,0.5,6.9,1
29,十二張加壓站,0.24,0.57,6.9,1
30,景美女中,0.18,0.51,7,1
31,木柵動物園,0.09,0.53,7.2,1
32,公館加壓站,0.06,0.55,7.1,1
33,萬芳二號配水池,0.05,0.46,6.8,1
34,指南二加壓站,0.09,0.44,7.1,1
35,木柵二期配水池,0.35,0.43,7,1
36,三重加壓站,0.05,0.47,7,1
37,新北高中,0.06,0.42,6.9,1
38,指南六加壓站,0.11,0.25,8,1
39,大同加壓站,0.07,0.41,7.5,1
40,麗山國中,0.1,0.4,7.1,1
41,重慶國中,-9,-9,-9,1
42,台北海洋技術學院,0.06,0.47,8,1
43,介壽國中,0.14,0.55,7,1
44,士林國中,0.07,0.44,7,1
45,陽明高中,0.05,0.41,7.4,1
46,捷運石牌站,0.06,0.42,7,1
47,天母加壓站,0.04,0.47,6.9,1
48,關渡國小,0.03,0.42,7.3,1
49,捷運淡水站,0.04,0.45,7.2,1
50,北投第4配水池,0,-9,-9,1
51,北投加壓站,0.05,0.42,6.9,1
52,松山加壓站,0.05,0.48,7,1
53,內溝里加壓站,0.05,0.54,6.9,1
54,潭美國小,0.1,0.48,7,1
55,東湖國中,0.07,0.38,6.9,1
56,民生加壓站,0.04,0.5,6.8,1
57,興隆公營住宅1區,0.03,0.34,7.7,1
58,陽明淨水場,0.05,0.58,7.2,1
59,隧道,0.01,0.56,6.6,1
60,中正路配水池,0.06,0.49,6.8,1
61,中山樓,0.13,0.44,7.2,1
62,鹿角坑(三加),0.04,0.59,7.3,1
63,泉源國小,-9,-9,-9,1
64,三角埔加壓站,0.03,0.46,6.8,1
1,雙溪淨水場,0.02,0.63,7.4,1
2,衛理女中,0.14,0.36,7.4,1
3,雙溪國小,0.08,0.26,7.3,1
4,華興加壓站,0.1,0.3,7,1
5,長興淨水場,0.02,0.46,7,1
6,市政大樓,0.04,0.48,7.4,1
7,市議會,0.13,0.4,7.2,1
8,捷運忠孝復興站,0.05,0.47,6.8,1
9,南港高工,0.11,0.47,6.9,1
10,南港加壓站,1.26,0.47,6.9,1
11,挹翠加壓站,0.06,0.45,7.1,1
12,敦化國中,0.04,0.48,7.1,1
13,公館淨水場,0.06,0.6,6.9,1
14,捷運台北車站,0.08,0.44,7.1,1
15,捷運中正紀念堂站,0.05,0.48,7,1
16,萬華國中,0.02,0.41,7,1
17,華江社區配水池,0.08,0.29,7,1
18,西門國小,0.03,0.52,6.9,1
19,忠孝國小,0.04,0.44,7.2,1
20,螢橋國小,0.07,0.47,7,1
21,直潭淨水場,0.05,0.66,7.2,1
22,伸仗板配水池,0.05,0.55,7.3,1
23,中和加壓站,0.07,0.68,6.9,1
24,安康加壓站,0.04,0.57,7.2,1
25,頂溪站,0.09,0.52,7,1
26,中和國小,0.1,0.59,6.9,1
27,積穗國小,-9,-9,-9,1
28,捷運大坪林站,0.16,0.52,6.9,1
29,十二張加壓站,0.27,0.57,6.9,1
30,景美女中,0.15,0.51,7,1
31,木柵動物園,0.07,0.52,7.2,1
32,公館加壓站,0.06,0.56,7.1,1
33,萬芳二號配水池,0.05,0.47,6.8,1
34,指南二加壓站,0.09,0.43,7.1,1
35,木柵二期配水池,0.18,0.43,7,1
36,三重加壓站,0.05,0.47,7,1
37,新北高中,0.06,0.42,6.9,1
38,指南六加壓站,0.11,0.24,8,1
39,大同加壓站,0.07,0.42,7.6,1
40,麗山國中,0.09,0.41,7,1
41,重慶國中,-9,-9,-9,1
42,台北海洋技術學院,0.06,0.47,8,1
43,介壽國中,0.14,0.55,7,1
44,士林國中,0.07,0.45,7,1
45,陽明高中,0.06,0.41,7.4,1
46,捷運石牌站,0.05,0.42,7,1
47,天母加壓站,0.04,0.46,6.9,1
48,關渡國小,0.03,0.42,7.2,1
49,捷運淡水站,0.04,0.45,7.2,1
50,北投第4配水池,0,-9,-9,1
51,北投加壓站,0.05,0.42,6.9,1
52,松山加壓站,0.06,0.48,7,1
53,內溝里加壓站,0.04,0.53,6.9,1
54,潭美國小,0.1,0.48,7,1
55,東湖國中,0.08,0.38,6.9,1
56,民生加壓站,0.04,0.5,6.8,1
57,興隆公營住宅1區,0.04,0.34,7.7,1
58,陽明淨水場,0.05,0.56,7.2,1
59,隧道,0.01,0.56,6.6,1
60,中正路配水池,0.07,0.49,6.8,1
61,中山樓,0.13,0.44,7.2,1
62,鹿角坑(三加),0.04,0.59,7.3,1
63,泉源國小,-9,-9,-9,1
64,三角埔加壓站,0.04,0.47,6.8,1
1,雙溪淨水場,0.02,0.63,7.4,1
2,衛理女中,0.14,0.36,7.4,1
3,雙溪國小,0.08,0.28,7.3,1
4,華興加壓站,0.1,0.29,7,1
5,長興淨水場,0.01,0.47,7,1
6,市政大樓,0.04,0.47,7.4,1
7,市議會,0.13,0.44,7.2,1
8,捷運忠孝復興站,0.05,0.48,6.8,1
9,南港高工,0.34,0.48,6.8,1
10,南港加壓站,0.11,0.48,6.9,1
11,挹翠加壓站,0.06,0.45,7.1,1
12,敦化國中,0.05,0.48,7.1,1
13,公館淨水場,0.06,0.6,6.9,1
14,捷運台北車站,0.08,0.43,7.1,1
15,捷運中正紀念堂站,0.04,0.48,7,1
16,萬華國中,0.03,0.4,7,1
17,華江社區配水池,0.08,0.31,7,1
18,西門國小,0.03,0.51,6.9,1
19,忠孝國小,0.04,0.45,7.2,1
20,螢橋國小,0.07,0.47,6.9,1
21,直潭淨水場,0.04,0.66,7.2,1
22,伸仗板配水池,0.05,0.55,7.3,1
23,中和加壓站,0.06,0.68,6.9,1
24,安康加壓站,0.04,0.57,7.2,1
25,頂溪站,0.1,0.5,7,1
26,中和國小,0.12,0.6,6.9,1
27,積穗國小,-9,-9,-9,1
28,捷運大坪林站,0.15,0.54,6.9,1
29,十二張加壓站,0.32,0.58,6.9,1
30,景美女中,0.13,0.52,7.1,1
31,木柵動物園,0.06,0.51,7.2,1
32,公館加壓站,0.06,0.56,7.1,1
33,萬芳二號配水池,0.05,0.47,6.8,1
34,指南二加壓站,0.09,0.43,7.1,1
35,木柵二期配水池,0.18,0.43,7,1
36,三重加壓站,0.05,0.48,7,1
37,新北高中,0.05,0.42,6.9,1
38,指南六加壓站,0.11,0.24,8,1
39,大同加壓站,0.07,0.42,7.6,1
40,麗山國中,0.09,0.4,7,1
41,重慶國中,-9,-9,-9,1
42,台北海洋技術學院,0.07,0.47,8.1,1
43,介壽國中,0.14,0.55,7,1
44,士林國中,0.06,0.45,7,1
45,陽明高中,0.05,0.41,7.4,1
46,捷運石牌站,0.05,0.42,7,1
47,天母加壓站,0.04,0.46,6.9,1
48,關渡國小,0.03,0.42,7.3,1
49,捷運淡水站,0.05,0.45,7.2,1
50,北投第4配水池,0,-9,-9,1
51,北投加壓站,0.05,0.42,6.9,1
52,松山加壓站,0.05,0.48,7,1
53,內溝里加壓站,0.05,0.51,6.9,1
54,潭美國小,0.1,0.48,7,1
55,東湖國中,0.08,0.38,6.9,1
56,民生加壓站,0.04,0.5,6.8,1
57,興隆公營住宅1區,0.04,0.34,7.7,1
58,陽明淨水場,0.05,0.53,7.2,1
59,隧道,0.01,0.56,6.6,1
60,中正路配水池,0.05,0.49,6.8,1
61,中山樓,0.13,0.44,7.2,1
62,鹿角坑(三加),0.04,0.59,7.3,1
63,泉源國小,-9,-9,-9,1
64,三角埔加壓站,0.04,0.47,6.8,1
